Fecha,Anio,Mes,Sembrada,Cosechada,Siniestrada,Volumenproduccion,Valorproduccion,Rendimiento,Precio,share_mes,Frecuencia,TipoDato
1996-01-01,1996,1,1040.0,613.0,0.0,386.014213022768,639625.5509787265,0.543383776375692,1657.0,0.0590687395597196,Mensual,Estimado
1996-02-01,1996,2,1040.0,613.0,0.0,479.08610302696223,793845.6727156765,0.6743990430646394,1657.0,0.0733108038296805,Mensual,Estimado
1996-03-01,1996,3,1040.0,613.0,0.0,606.1151266572505,1004332.7648710642,0.8532150250696123,1657.0,0.0927490629926932,Mensual,Estimado
1996-04-01,1996,4,1040.0,613.0,0.0,636.2765359743228,1054310.220109453,0.8956725821817828,1657.0,0.097364427846109,Mensual,Estimado
1996-05-01,1996,5,1040.0,613.0,0.0,762.0974973485667,1262795.553106575,1.0727880013353366,1657.0,0.1166178266791991,Mensual,Estimado
1996-06-01,1996,6,1040.0,613.0,0.0,504.2838728630062,835598.3773340012,0.7098693932948458,1657.0,0.0771666217081876,Mensual,Estimado
1996-07-01,1996,7,1040.0,613.0,0.0,512.6855626316292,849519.9772806095,0.721696268472994,1657.0,0.0784522666613051,Mensual,Estimado
1996-08-01,1996,8,1040.0,613.0,0.0,522.8464246280872,866356.5256087406,0.7359994919725442,1657.0,0.080007103998177,Mensual,Estimado
1996-09-01,1996,9,1040.0,613.0,0.0,466.23903613488886,772558.0828755108,0.656314507605438,1657.0,0.0713449175416815,Mensual,Estimado
1996-10-01,1996,10,1040.0,613.0,0.0,589.2278032170165,976350.4699305965,0.8294431087145768,1657.0000000000002,0.0901649278067355,Mensual,Estimado
1996-11-01,1996,11,1040.0,613.0,0.0,551.4165495233005,913697.222560109,0.7762170327607909,1657.0,0.0843789670272839,Mensual,Estimado
1996-12-01,1996,12,1040.0,613.0,0.0,518.7112749722012,859504.5826289373,0.7301785321216137,1657.0,0.0793743343492274,Mensual,Estimado
1997-01-01,1997,1,743.0,615.0,0.0,238.14620497808937,647871.9424855026,0.3644376437055742,2563.3050000000003,0.035338507935612,Mensual,Estimado
1997-02-01,1997,2,743.0,615.0,0.0,213.01389668766416,579500.0052011759,0.3259774078387573,2563.3050000000003,0.0316091254915661,Mensual,Estimado
1997-03-01,1997,3,743.0,615.0,0.0,261.27501136161266,710793.3932826838,0.39983189951959897,2563.3050000000003,0.0387705907941256,Mensual,Estimado
1997-04-01,1997,4,743.0,615.0,0.0,275.5634885454508,749664.9069778307,0.421697706524577,2563.3050000000003,0.0408908574781793,Mensual,Estimado
1997-05-01,1997,5,743.0,615.0,0.0,242.74507801316295,660383.0837264534,0.3714753475092418,2563.3050000000003,0.0360209345619769,Mensual,Estimado
1997-06-01,1997,6,743.0,615.0,0.0,246.0110156551831,669268.0011424869,0.3764732462532368,2563.3050000000003,0.0365055669469035,Mensual,Estimado
1997-07-01,1997,7,743.0,615.0,0.0,266.74447319583913,725672.9537745953,0.40820187452460255,2563.3050000000003,0.0395822040652677,Mensual,Estimado
1997-08-01,1997,8,743.0,615.0,0.0,261.3061623732584,710878.138980929,0.3998795702405507,2563.3050000000003,0.038775213291773,Mensual,Estimado
1997-09-01,1997,9,743.0,615.0,0.0,268.1544663545426,729508.8116951721,0.41035960189399795,2563.3050000000003,0.0397914329061496,Mensual,Estimado
1997-10-01,1997,10,743.0,615.0,0.0,376.62556795898723,1024602.2535851217,0.5763540702186507,2563.3050000000003,0.0558874562930682,Mensual,Estimado
1997-11-01,1997,11,743.0,615.0,0.0,1633.127855122165,4442891.357107815,2.4991927435728787,2563.3050000000003,0.2423397915302219,Mensual,Estimado
1997-12-01,1997,12,743.0,615.0,0.0,2456.2867797540443,6682278.592040234,3.7588815087818688,2563.305,0.3644883187051557,Mensual,Estimado
1998-01-01,1998,1,595.0,590.0,0.0,960.8046365521492,3769996.603971813,1.5377701669955095,3381.5150000000003,0.1927391447446638,Mensual,Estimado
1998-02-01,1998,2,595.0,590.0,0.0,1111.7157305511769,4362140.199281289,1.7793037414515314,3381.5150000000003,0.22301218265821,Mensual,Estimado
1998-03-01,1998,3,595.0,590.0,0.0,203.73528677916528,799414.688529126,0.32607882399230104,3381.5150000000003,0.0408696663548977,Mensual,Estimado
1998-04-01,1998,4,595.0,590.0,0.0,64.33000651906544,252417.50183539826,0.1029603325215387,3381.5150000000003,0.0129047154501635,Mensual,Estimado
1998-05-01,1998,5,595.0,590.0,0.0,85.3045707589735,334717.3086285872,0.1365301738054081,3381.5150000000003,0.0171122509045082,Mensual,Estimado
1998-06-01,1998,6,595.0,590.0,0.0,78.42103479377685,307707.7520289916,0.12551305768416895,3381.5150000000003,0.015731401162242,Mensual,Estimado
1998-07-01,1998,7,595.0,590.0,0.0,81.90034738581602,321359.8475301274,0.13108170598387894,3381.5150000000003,0.0164293575498126,Mensual,Estimado
1998-08-01,1998,8,595.0,590.0,0.0,68.55109332334295,268980.1643286831,0.1097161922592785,3381.5150000000003,0.0137514730839203,Mensual,Estimado
1998-09-01,1998,9,595.0,590.0,0.0,55.231874948422565,216718.33488830924,0.08839875072595041,3381.5150000000003,0.011079613831178,Mensual,Estimado
1998-10-01,1998,10,595.0,590.0,0.0,58.06273850026204,227826.0518691933,0.09292955475336981,3381.5150000000003,0.0116474901705641,Mensual,Estimado
1998-11-01,1998,11,595.0,590.0,0.0,1172.908616775678,4602248.296679175,1.8772431052810696,3381.5150000000003,0.235287586113476,Mensual,Estimado
1998-12-01,1998,12,595.0,590.0,0.0,1044.034063112171,4096571.4804293048,1.6709790674431901,3381.5150000000003,0.2094351179763633,Mensual,Estimado
1999-01-01,1999,1,606.0,604.0,0.0,1169.3748643150657,5540356.170442015,1.9013310234561995,4659.449391255504,0.2101302541446659,Mensual,Estimado
1999-02-01,1999,2,606.0,604.0,0.0,1175.9087235575505,5571312.802464461,1.9119546734590653,4659.4493912555035,0.2113043528405301,Mensual,Estimado
1999-03-01,1999,3,606.0,604.0,0.0,288.48652105864096,1366814.1207847574,0.46906119592284923,4659.449391255504,0.0518394467311124,Mensual,Estimado
1999-04-01,1999,4,606.0,604.0,0.0,53.78482269032016,254825.96159870777,0.08745078682026795,4659.449391255504,0.0096648378598958,Mensual,Estimado
1999-05-01,1999,5,606.0,604.0,0.0,61.33852085104304,290614.46662949637,0.0997326316700961,4659.449391255504,0.0110221960199538,Mensual,Estimado
1999-06-01,1999,6,606.0,604.0,0.0,53.53470023466709,253640.91176325118,0.08704410321596905,4659.449391255504,0.0096198922254568,Mensual,Estimado
1999-07-01,1999,7,606.0,604.0,0.0,45.10462962083524,213700.26042219304,0.07333733109598405,4659.449391255504,0.0081050547386945,Mensual,Estimado
1999-08-01,1999,8,606.0,604.0,0.0,65.18946280977718,308859.7622093561,0.1059940245211893,4659.449391255504,0.0117141891841468,Mensual,Estimado
1999-09-01,1999,9,606.0,604.0,0.0,49.298192150897926,233568.85068231972,0.08015580375221129,4659.449391255504,0.0088586149417606,Mensual,Estimado
1999-10-01,1999,10,606.0,604.0,0.0,52.66210321485099,249506.65299766773,0.08562531456625444,4659.449391255504,0.0094630913234233,Mensual,Estimado
1999-11-01,1999,11,606.0,604.0,0.0,1493.793127880337,7077410.525890911,2.4288150047830364,4659.4493912555035,0.2684264380737353,Mensual,Estimado
1999-12-01,1999,12,606.0,604.0,0.0,1056.5243316160145,5005684.044114866,1.717843054472069,4659.449391255504,0.1898516319166243,Mensual,Estimado
2000-01-01,2000,1,654.0,619.0,0.0,1218.1116892355467,6208603.215160182,2.0604807892352004,5072.496071094823,0.2336680777355739,Mensual,Estimado
2000-02-01,2000,2,654.0,619.0,0.0,1124.8402673245225,5733207.358543154,1.9027087435922212,5072.4960710948235,0.215775996033862,Mensual,Estimado
2000-03-01,2000,3,654.0,619.0,0.0,301.92721585578164,1538895.2422605692,0.510721006551156,5072.4960710948235,0.057918130799114,Mensual,Estimado
2000-04-01,2000,4,654.0,619.0,0.0,73.05711052960305,372365.3711993045,0.12357879338449655,5072.4960710948235,0.0140144083118363,Mensual,Estimado
2000-05-01,2000,5,654.0,619.0,0.0,80.53855679047346,410497.6145065159,0.1362339353000078,5072.496071094823,0.0154495600979231,Mensual,Estimado
2000-06-01,2000,6,654.0,619.0,0.0,64.31003739875675,327782.3441720413,0.10878279700139384,5072.4960710948235,0.0123364737001259,Mensual,Estimado
2000-07-01,2000,7,654.0,619.0,0.0,79.02091578991283,402762.3379478837,0.1336667896480575,5072.4960710948235,0.0151584338749113,Mensual,Estimado
2000-08-01,2000,8,654.0,619.0,0.0,78.34861352658918,399335.6751627574,0.13252956560663395,5072.496071094823,0.0150294673943198,Mensual,Estimado
2000-09-01,2000,9,654.0,619.0,0.0,74.24614097878707,378425.7500093626,0.1255900821850308,5072.4960710948235,0.0142424977899073,Mensual,Estimado
2000-10-01,2000,10,654.0,619.0,0.0,96.26741352013325,490666.1502208761,0.1628398758016015,5072.496071094823,0.0184667971456231,Mensual,Estimado
2000-11-01,2000,11,654.0,619.0,0.0,1280.1968585775198,6525045.611532094,2.1655001399696396,5072.4960710948235,0.2455777591746632,Mensual,Estimado
2000-12-01,2000,12,654.0,619.0,0.0,742.1351804723737,3782594.7392852595,1.2553489929470913,5072.496071094823,0.1423623979421396,Mensual,Estimado
2001-01-01,2001,1,628.0,614.5,0.0,1092.548600026074,6602466.30405415,1.8676236639890886,6027.325481790636,0.2214236553090823,Mensual,Estimado
2001-02-01,2001,2,628.0,614.5,0.0,1081.8013923197145,6537519.008581697,1.8492521797057129,6027.325481790636,0.2192455499006352,Mensual,Estimado
2001-03-01,2001,3,628.0,614.5,0.0,91.42745280914222,552512.4250064997,0.15628785245848525,6027.325481790636,0.0185293366319043,Mensual,Estimado
2001-04-01,2001,4,628.0,614.5,0.0,16.943903125065148,102395.03253194466,0.02896423503353085,6027.325481790636,0.0034339716924861,Mensual,Estimado
2001-05-01,2001,5,628.0,614.5,0.0,13.070440742558068,78987.00760754867,0.02234286367579985,6027.325481790636,0.0026489483082481,Mensual,Estimado
2001-06-01,2001,6,628.0,614.5,0.0,14.390764820622312,86965.96180294326,0.024599851138205148,6027.325481790636,0.0029165345589198,Mensual,Estimado
2001-07-01,2001,7,628.0,614.5,0.0,14.505909362313963,87661.8008316114,0.024796681440159098,6027.325481790636,0.0029398705691528,Mensual,Estimado
2001-08-01,2001,8,628.0,614.5,0.0,14.747712899866423,89123.06279181447,0.0252100250742624,6027.325481790636,0.0029888761906421,Mensual,Estimado
2001-09-01,2001,9,628.0,614.5,0.0,14.448337091468137,87313.88131727732,0.02469826628918215,6027.325481790636,0.0029282025640363,Mensual,Estimado
2001-10-01,2001,10,628.0,614.5,0.0,21.55966398634439,130288.89972782123,0.036854505737858353,6027.325481790635,0.0043694345560261,Mensual,Estimado
2001-11-01,2001,11,628.0,614.5,0.0,1389.4526389293812,8396710.434109222,2.3751571585874247,6027.325481790636,0.2815963355618704,Mensual,Estimado
2001-12-01,2001,12,628.0,614.5,0.0,1169.3031838874492,7066307.961637471,1.9988294310695813,6027.325481790636,0.2369792841569959,Mensual,Estimado
2002-01-01,2002,1,694.2,625.5,0.0,983.0404688733537,5078346.584329224,1.5511921710118823,5323.5868881013275,0.1811738900788532,Mensual,Estimado
2002-02-01,2002,2,694.2,625.5,0.0,705.2776080614883,3643435.0825941144,1.1128952862630435,5323.586888101327,0.1299823271614165,Mensual,Estimado
2002-03-01,2002,3,694.2,625.5,0.0,934.8843846036082,4829574.235876255,1.4752041081893723,5323.586888101328,0.1722987466901848,Mensual,Estimado
2002-04-01,2002,4,694.2,625.5,0.0,877.1970279218776,4531563.7266045455,1.3841761404866526,5323.586888101328,0.1616669943368217,Mensual,Estimado
2002-05-01,2002,5,694.2,625.5,0.0,10.048570782661484,51910.502901273394,0.0158561776666097,5323.586888101328,0.001851946807962,Mensual,Estimado
2002-06-01,2002,6,694.2,625.5,0.0,7.368805439277947,38066.9454799066,0.01162763250247255,5323.5868881013275,0.0013580673318548,Mensual,Estimado
2002-07-01,2002,7,694.2,625.5,0.0,6.320427389980772,32651.06764546116,0.00997334066625315,5323.5868881013275,0.0011648517568316,Mensual,Estimado
2002-08-01,2002,8,694.2,625.5,0.0,7.338846074180866,37912.17663342787,0.01158035801677375,5323.586888101328,0.0013525458351405,Mensual,Estimado
2002-09-01,2002,9,694.2,625.5,0.0,6.899442052757018,35642.23355173994,0.010886998893191651,5323.586888101328,0.0012715638833304,Mensual,Estimado
2002-10-01,2002,10,694.2,625.5,0.0,488.2046315013829,2522045.0239248117,0.7703642181736567,5323.586888101328,0.0899758809980525,Mensual,Estimado
2002-11-01,2002,11,694.2,625.5,0.0,740.0386604672284,3823009.247994137,1.1677466113663892,5323.5868881013275,0.1363887725591331,Mensual,Estimado
2002-12-01,2002,12,694.2,625.5,0.0,659.3311268322029,3406077.452465106,1.040393874342438,5323.586888101328,0.1215144125604185,Mensual,Estimado
2003-01-01,2003,1,680.7,616.0,0.0,649.9100361897703,3876809.4676044136,1.0640586142061634,6100.870382182986,0.1261177590991559,Mensual,Estimado
2003-02-01,2003,2,680.7,616.0,0.0,638.6879649475661,3809868.153245014,1.0456853918991058,6100.870382182986,0.1239400692671672,Mensual,Estimado
2003-03-01,2003,3,680.7,616.0,0.0,810.0512457708854,4832075.462721942,1.3262481851553716,6100.870382182986,0.1571938301969427,Mensual,Estimado
2003-04-01,2003,4,680.7,616.0,0.0,840.1907752532939,5011862.212795186,1.375593824071637,6100.870382182986,0.1630425318740382,Mensual,Estimado
2003-05-01,2003,5,680.7,616.0,0.0,9.628510620459865,57435.489612025165,0.01576418134383795,6100.870382182986,0.001868452732372,Mensual,Estimado
2003-06-01,2003,6,680.7,616.0,0.0,5.155585334366257,30753.828872212413,0.0084409297915589,6100.870382182986,0.0010004628841042,Mensual,Estimado
2003-07-01,2003,7,680.7,616.0,0.0,5.109053717616008,30476.260897700267,0.0083647463740411,6100.870382182986,0.0009914332293751,Mensual,Estimado
2003-08-01,2003,8,680.7,616.0,0.0,7.841608186079238,46776.3523629592,0.01283859345909645,6100.870382182986,0.0015216968458587,Mensual,Estimado
2003-09-01,2003,9,680.7,616.0,0.0,5.2834000284777005,31516.262422454623,0.008650193102968499,6100.870382182986,0.0010252658597527,Mensual,Estimado
2003-10-01,2003,10,680.7,616.0,0.0,763.0114625351767,4551476.199981821,1.2492327772140004,6100.870382182986,0.1480655636371917,Mensual,Estimado
2003-11-01,2003,11,680.7,616.0,0.0,555.7871776445409,3315352.6985023143,0.9099569188147174,6100.870382182986,0.107852824971773,Mensual,Estimado
2003-12-01,2003,12,680.7,616.0,0.0,862.5431797717674,5145197.610981958,1.4121900716315956,6100.870382182986,0.167380109402268,Mensual,Estimado
2004-01-01,2004,1,600.2,478.7,0.0,722.8809697857007,4197561.250523074,1.5109851729192156,5823.271262794244,0.1707477217571961,Mensual,Estimado
2004-02-01,2004,2,600.2,478.7,0.0,598.1427288391451,3473242.270579676,1.250253959283664,5823.271262794245,0.1412839907311343,Mensual,Estimado
2004-03-01,2004,3,600.2,478.7,0.0,1001.8867093712181,5817667.091052929,2.0941704458667836,5823.271262794244,0.2366501266932833,Mensual,Estimado
2004-04-01,2004,4,600.2,478.7,0.0,732.168110737246,4251488.998818771,1.5303974037886432,5823.271262794244,0.1729413860330511,Mensual,Estimado
2004-05-01,2004,5,600.2,478.7,0.0,4.714769226394084,27377.304752866014,0.00985493697106055,5823.271262794244,0.0011136496016161,Mensual,Estimado
2004-06-01,2004,6,600.2,478.7,0.0,5.887332201655479,34186.03968223395,0.012305859521227099,5823.271262794244,0.0013906142265143,Mensual,Estimado
2004-07-01,2004,7,600.2,478.7,0.0,4.0672491515647735,23617.342478793318,0.00850147316010335,5823.271262794244,0.0009607024606754,Mensual,Estimado
2004-08-01,2004,8,600.2,478.7,0.0,1.7656852344737066,10252.824781159685,0.0036906825893107,5823.271262794243,0.0004170627582243,Mensual,Estimado
2004-09-01,2004,9,600.2,478.7,0.0,5.48224907167859,31833.838807260494,0.01145914390859135,5823.271262794244,0.0012949317774572,Mensual,Estimado
2004-10-01,2004,10,600.2,478.7,0.0,184.24988904093402,1069885.9521515367,0.385124055119882,5823.271262794244,0.0435206487688866,Mensual,Estimado
2004-11-01,2004,11,600.2,478.7,0.0,412.65996858068615,2396197.3909340296,0.8625529237096539,5823.271262794244,0.0974721322604972,Mensual,Estimado
2004-12-01,2004,12,600.2,478.7,0.0,559.7143387593029,3250099.6954376716,1.1699299086353108,5823.271262794244,0.1322070329314636,Mensual,Estimado
2005-01-01,2005,1,1384.53,727.4300000000001,0.0,344.37938230423924,2394981.6023090505,0.4740665912311758,6932.808252372911,0.0582592866539064,Mensual,Estimado
2005-02-01,2005,2,1384.53,727.4300000000001,0.0,438.7440124672722,3051239.1042448147,0.6039672788241941,6932.808252372912,0.0742231228216628,Mensual,Estimado
2005-03-01,2005,3,1384.53,727.4300000000001,0.0,574.0254897385346,3992052.2476740316,0.7901933773716612,6932.808252372912,0.097108936457125,Mensual,Estimado
2005-04-01,2005,4,1384.53,727.4300000000001,0.0,563.895285484594,3921601.883736777,0.7762483166452949,6932.808252372911,0.0953951913730143,Mensual,Estimado
2005-05-01,2005,5,1384.53,727.4300000000001,0.0,485.0660697587737,3373385.204432202,0.6677334069009243,6932.808252372912,0.0820595095300869,Mensual,Estimado
2005-06-01,2005,6,1384.53,727.4300000000001,0.0,378.57898530436796,2632822.263511065,0.5211451622746865,6932.808252372911,0.0640448957147708,Mensual,Estimado
2005-07-01,2005,7,1384.53,727.4300000000001,0.0,462.3200565387756,3215198.3733179998,0.6364216457869054,6932.808252372911,0.0782115250905112,Mensual,Estimado
2005-08-01,2005,8,1384.53,727.4300000000001,0.0,429.4286595978998,2986455.6128758285,0.5911439281597297,6932.808252372912,0.0726472276287862,Mensual,Estimado
2005-09-01,2005,9,1384.53,727.4300000000001,0.0,496.3959358837528,3452178.600089023,0.6833299010262008,6932.808252372912,0.083976203595536,Mensual,Estimado
2005-10-01,2005,10,1384.53,727.4300000000001,0.0,547.3874611958511,3806798.4503803574,0.7535239365246118,6932.808252372912,0.09260253270444,Mensual,Estimado
2005-11-01,2005,11,1384.53,727.4300000000001,0.0,546.3510335924555,3799590.629094282,0.7520972085430697,6932.808252372911,0.0924271983611404,Mensual,Estimado
2005-12-01,2005,12,1384.53,727.4300000000001,0.0,644.5776281334836,4482706.108334566,0.8873142082680235,6932.808252372912,0.1090443700690193,Mensual,Estimado
2006-01-01,2006,1,1574.23,768.13,0.0,859.5405480639361,6605347.228455445,1.116991648077117,7580.66254663739,0.1356255598434637,Mensual,Estimado
2006-02-01,2006,2,1574.23,768.13,0.0,654.2923880008873,5028068.1015175115,0.8502671973341982,7580.662546637391,0.1032397734159441,Mensual,Estimado
2006-03-01,2006,3,1574.23,768.13,0.0,738.428937296596,5674635.763687737,0.959604474177064,7580.66254663739,0.116515548046042,Mensual,Estimado
2006-04-01,2006,4,1574.23,768.13,0.0,576.249724114757,4428330.375632837,0.748849057200089,7580.66254663739,0.0909255434414852,Mensual,Estimado
2006-05-01,2006,5,1574.23,768.13,0.0,379.7552434108121,2918321.01487834,0.4935002032874627,7580.662546637391,0.0599209864003427,Mensual,Estimado
2006-06-01,2006,6,1574.23,768.13,0.0,338.18662153911055,2598876.886396652,0.4394808745224018,7580.662546637391,0.0533619385160171,Mensual,Estimado
2006-07-01,2006,7,1574.23,768.13,0.0,175.6895823173861,1350129.0872694459,0.22831243568986348,7580.66254663739,0.0277217846373053,Mensual,Estimado
2006-08-01,2006,8,1574.23,768.13,0.0,346.8397480669313,2665373.930028576,0.4507258007601474,7580.662546637391,0.0547273018282837,Mensual,Estimado
2006-09-01,2006,9,1574.23,768.13,0.0,425.2878218934168,3268227.126651593,0.552670779934537,7580.662546637391,0.0671055008036822,Mensual,Estimado
2006-10-01,2006,10,1574.23,768.13,0.0,580.9292981860058,4464291.694376321,0.7549302655455438,7580.66254663739,0.0916639261212455,Mensual,Estimado
2006-11-01,2006,11,1574.23,768.13,0.0,642.1425353112832,4934699.619983759,0.8344781993512365,7580.66254663739,0.1013226671470719,Mensual,Estimado
2006-12-01,2006,12,1574.23,768.13,0.0,620.2575517988779,4766519.171121785,0.806038187001937,7580.66254663739,0.097869469799116,Mensual,Estimado
2007-01-01,2007,1,2167.58,1025.76,0.0,895.9195332837301,8899990.673029728,0.8542994941540791,9845.808798078499,0.0877687334288554,Mensual,Estimado
2007-02-01,2007,2,2167.58,1025.76,0.0,604.8477221924388,6008507.333672775,0.5767494556295228,9845.808798078499,0.0592538911386213,Mensual,Estimado
2007-03-01,2007,3,2167.58,1025.76,0.0,1105.0235917205123,10977213.12509413,1.0536896008675298,9845.808798078499,0.1082536069939655,Mensual,Estimado
2007-04-01,2007,4,2167.58,1025.76,0.0,1090.9884271932985,10837788.959478712,1.0403064414313012,9845.808798078499,0.1068786524715385,Mensual,Estimado
2007-05-01,2007,5,2167.58,1025.76,0.0,984.5208049741375,9780148.390735691,0.9387847841545063,9845.808798078499,0.0964485546712283,Mensual,Estimado
2007-06-01,2007,6,2167.58,1025.76,0.0,809.9627534126341,8046103.118717247,0.7723358458185592,9845.808798078497,0.0793479797577555,Mensual,Estimado
2007-07-01,2007,7,2167.58,1025.76,0.0,677.2651041357045,6727895.626835687,0.6458026802370302,9845.808798078497,0.0663482580491161,Mensual,Estimado
2007-08-01,2007,8,2167.58,1025.76,0.0,715.8976721859243,7111668.368191082,0.6826405681466845,9845.808798078499,0.0701328965583851,Mensual,Estimado
2007-09-01,2007,9,2167.58,1025.76,0.0,607.6060346520815,6035908.18190983,0.5793796303845645,9845.808798078499,0.0595241091459199,Mensual,Estimado
2007-10-01,2007,10,2167.58,1025.76,0.0,907.0062034391856,9010124.738995295,0.8648711318445137,9845.808798078497,0.0888548387779835,Mensual,Estimado
2007-11-01,2007,11,2167.58,1025.76,0.0,1004.8937689259221,9982531.732561357,0.9582113198553602,9845.808798078497,0.0984443915469866,Mensual,Estimado
2007-12-01,2007,12,2167.58,1025.76,0.0,803.7983838844307,7984866.780778464,0.766457842745648,9845.808798078495,0.0787440874596438,Mensual,Estimado
2008-01-01,2008,1,2228.88,1230.13,0.0,1014.9608832322847,11358248.822011502,0.8180262790097433,11124.313015930067,0.0908033573694716,Mensual,Estimado
2008-02-01,2008,2,2228.88,1230.13,0.0,882.3551983119355,9874281.913117455,0.7111503029962853,11124.313015930067,0.0789398051912835,Mensual,Estimado
2008-03-01,2008,3,2228.88,1230.13,0.0,1034.631566018925,11578379.975123523,0.8338802254143495,11124.313015930067,0.0925631927171044,Mensual,Estimado
2008-04-01,2008,4,2228.88,1230.13,0.0,1004.8401769491343,11244989.77713833,0.8098693107575379,11124.313015930067,0.0898979095589769,Mensual,Estimado
2008-05-01,2008,5,2228.88,1230.13,0.0,906.0927240073764,10139924.390302466,0.7302819957918745,11124.313015930067,0.0810634801667425,Mensual,Estimado
2008-06-01,2008,6,2228.88,1230.13,0.0,670.0686962598832,7498620.986971363,0.5400541157180102,11124.313015930067,0.0599476179759897,Mensual,Estimado
2008-07-01,2008,7,2228.88,1230.13,0.0,491.4833253551408,5500103.495097686,0.39611997120049425,11124.313015930067,0.043970498539051,Mensual,Estimado
2008-08-01,2008,8,2228.88,1230.13,0.0,772.5587333254883,8645568.97481998,0.6226578347789349,11124.313015930067,0.0691168772215685,Mensual,Estimado
2008-09-01,2008,9,2228.88,1230.13,0.0,886.7982538606943,9924003.366708957,0.7147312648422338,11124.313015930067,0.0793373026391867,Mensual,Estimado
2008-10-01,2008,10,2228.88,1230.13,0.0,1102.5998393485768,12339000.973661052,0.8886604978771726,11124.313015930067,0.0986439663852319,Mensual,Estimado
2008-11-01,2008,11,2228.88,1230.13,0.0,1179.9240486828876,13204322.60732583,0.9509813580049816,11124.313015930067,0.1055617677798383,Mensual,Estimado
2008-12-01,2008,12,2228.88,1230.13,0.0,1231.2565546476733,13778775.657721851,0.9923537296306664,11124.313015930067,0.1101542244555545,Mensual,Estimado
2009-01-01,2009,1,5402.88,1987.83,0.0,1856.2138753032602,22815107.491342165,0.9965744640974841,12367.725551741834,0.1206788884585672,Mensual,Estimado
2009-02-01,2009,2,5402.88,1987.83,0.0,1413.5188344894677,17373851.461295158,0.7588978800963322,12367.725551741834,0.0918977516712989,Mensual,Estimado
2009-03-01,2009,3,5402.88,1987.83,0.0,1838.0858155870465,22592291.77137707,0.9868417702322035,12367.725551741834,0.1195003205545288,Mensual,Estimado
2009-04-01,2009,4,5402.88,1987.83,0.0,1715.0434638193067,21079952.854553767,0.9207821057691328,12367.725551741834,0.1115009114119627,Mensual,Estimado
2009-05-01,2009,5,5402.88,1987.83,0.0,1276.5810291477978,15690720.65936197,0.6853779469739896,12367.725551741834,0.0829949509992112,Mensual,Estimado
2009-06-01,2009,6,5402.88,1987.83,0.0,1256.6193688379099,15445367.776412882,0.6746608193894472,12367.72555174183,0.0816971743744183,Mensual,Estimado
2009-07-01,2009,7,5402.88,1987.83,0.0,731.4227395540909,8990067.710711524,0.39269032216491995,12367.725551741833,0.0475523237796544,Mensual,Estimado
2009-08-01,2009,8,5402.88,1987.83,0.0,757.2699328537045,9307760.893230073,0.40656730754559334,12367.725551741834,0.0492327392741575,Mensual,Estimado
2009-09-01,2009,9,5402.88,1987.83,0.0,956.2752334189586,11753776.077230003,0.5134103838753485,12367.725551741834,0.0621707626286345,Mensual,Estimado
2009-10-01,2009,10,5402.88,1987.83,0.0,1265.0481495995896,15548967.658763327,0.679186110242148,12367.725551741834,0.0822451585840581,Mensual,Estimado
2009-11-01,2009,11,5402.88,1987.83,0.0,1121.8482157506992,13788867.744101416,0.6023041306206252,12367.725551741834,0.0729352352642569,Mensual,Estimado
2009-12-01,2009,12,5402.88,1987.83,0.0,1193.5033416381686,14669595.671620643,0.6407747344832734,12367.725551741834,0.0775937829992509,Mensual,Estimado
2010-01-01,2010,1,8468.48,4225.83,0.0,3437.4109272630412,42499872.827130795,0.9475123857070274,12534.429571630335,0.1146308782491164,Mensual,Estimado
2010-02-01,2010,2,8468.48,4225.83,0.0,2475.1129416596946,30602097.764633365,0.6822577276536521,12534.429571630331,0.0825401374092081,Mensual,Estimado
2010-03-01,2010,3,8468.48,4225.83,0.0,3940.456659657071,48719489.88932474,1.0861754877062761,12534.429571630333,0.1314064617693887,Mensual,Estimado
2010-04-01,2010,4,8468.48,4225.83,0.0,3026.267556757438,37416529.19148379,0.8341819041036618,12534.429571630333,0.1009200573305115,Mensual,Estimado
2010-05-01,2010,5,8468.48,4225.83,0.0,2364.2211398889467,29231040.427423842,0.6516907230462593,12534.429571630333,0.0788421144213865,Mensual,Estimado
2010-06-01,2010,6,8468.48,4225.83,0.0,1900.2798931236212,23494908.08712015,0.523806659472714,12534.429571630335,0.06337058841008,Mensual,Estimado
2010-07-01,2010,7,8468.48,4225.83,0.0,1563.499720697952,19330985.064338986,0.43097417846121355,12534.429571630335,0.0521396335551183,Mensual,Estimado
2010-08-01,2010,8,8468.48,4225.83,0.0,1130.3199360587623,13975184.97292889,0.31156942300174895,12534.429571630333,0.037693941665586,Mensual,Estimado
2010-09-01,2010,9,8468.48,4225.83,0.0,1597.0561356205258,19745873.885292187,0.4402239072343687,12534.429571630333,0.0532586738429576,Mensual,Estimado
2010-10-01,2010,10,8468.48,4225.83,0.0,2177.1631913708006,26918270.96472386,0.6001287402585296,12534.429571630333,0.0726041005860182,Mensual,Estimado
2010-11-01,2010,11,8468.48,4225.83,0.0,2762.137713701988,34150849.01031189,0.7613752763755184,12534.429571630335,0.0921118477443055,Mensual,Estimado
2010-12-01,2010,12,8468.48,4225.83,0.0,3612.8541842001596,44669039.17528749,0.9958728123345939,12534.429571630333,0.1204815650163224,Mensual,Estimado
2011-01-01,2011,1,10867.98,5929.35,0.0,4675.505593849245,47485887.90120739,0.8599085609157784,10398.368438257798,0.1238822155600763,Mensual,Estimado
2011-02-01,2011,2,10867.98,5929.35,0.0,3204.7573915250864,32548512.067812294,0.5894118317933078,10398.368438257796,0.0849132651059041,Mensual,Estimado
2011-03-01,2011,3,10867.98,5929.35,0.0,3722.1190389280273,37802997.74852222,0.6845638320981596,10398.368438257796,0.0986212814561363,Mensual,Estimado
2011-04-01,2011,4,10867.98,5929.35,0.0,3356.3444032049124,34088076.869825736,0.6172913768929016,10398.368438257798,0.0889297151945816,Mensual,Estimado
2011-05-01,2011,5,10867.98,5929.35,0.0,2661.8469419034836,27034544.811513737,0.4895609527665758,10398.368438257796,0.0705283075863752,Mensual,Estimado
2011-06-01,2011,6,10867.98,5929.35,0.0,2197.0574736265976,22313998.520799644,0.404077910393453,10398.368438257798,0.0582132439117904,Mensual,Estimado
2011-07-01,2011,7,10867.98,5929.35,0.0,1163.227254430688,11814097.512831664,0.21393816225808523,10398.368438257798,0.0308208741463832,Mensual,Estimado
2011-08-01,2011,8,10867.98,5929.35,0.0,1909.7465179319772,19395979.16202665,0.35123632021939494,10398.368438257796,0.0506006516409234,Mensual,Estimado
2011-09-01,2011,9,10867.98,5929.35,0.0,2507.1713820031355,25463611.753889583,0.4611133687667352,10398.3684382578,0.0664300233112675,Mensual,Estimado
2011-10-01,2011,10,10867.98,5929.35,0.0,3884.6604566355136,39453818.90264827,0.7144580871224562,10398.368438257798,0.1029279795322478,Mensual,Estimado
2011-11-01,2011,11,10867.98,5929.35,0.0,4046.037219492946,41092811.46015667,0.7441381414242918,10398.3684382578,0.1072038189086334,Mensual,Estimado
2011-12-01,2011,12,10867.98,5929.35,0.0,4413.066326468388,44820473.138766155,0.8116413161843972,10398.368438257798,0.1169286236456802,Mensual,Estimado
2012-01-01,2012,1,11043.11,5733.6,0.0,4419.600553425825,53531404.72789556,0.7668695848035354,12468.754452217758,0.1082016569919234,Mensual,Estimado
2012-02-01,2012,2,11043.11,5733.6,0.0,2959.6230325358774,35847759.65191503,0.5135407281041424,12468.754452217758,0.0724581582250944,Mensual,Estimado
2012-03-01,2012,3,11043.11,5733.6,0.0,3763.483198149749,45584332.75392389,0.6530229966920964,12468.754452217761,0.0921384440015548,Mensual,Estimado
2012-04-01,2012,4,11043.11,5733.6,0.0,3585.974621524573,43434300.56365517,0.6222224918025542,12468.75445221776,0.0877926390155739,Mensual,Estimado
2012-05-01,2012,5,11043.11,5733.6,0.0,2722.9869140935944,32981558.58318881,0.47248067308204555,12468.754452217758,0.0666647794321297,Mensual,Estimado
2012-06-01,2012,6,11043.11,5733.6,0.0,2383.8691551900783,28874071.994110197,0.413638456047689,12468.75445221776,0.0583624220165244,Mensual,Estimado
2012-07-01,2012,7,11043.11,5733.6,0.0,1572.7312845303754,19049349.34790857,0.27289339219592024,12468.75445221776,0.0385039618246302,Mensual,Estimado
2012-08-01,2012,8,11043.11,5733.6,0.0,2612.4810474560654,31643081.451540574,0.45330618275373114,12468.75445221776,0.0639593498954625,Mensual,Estimado
2012-09-01,2012,9,11043.11,5733.6,0.0,2806.8372508369794,33997176.68227272,0.48703001349114494,12468.75445221776,0.0687176222773801,Mensual,Estimado
2012-10-01,2012,10,11043.11,5733.6,0.0,4525.611099558207,54815433.314152956,0.7852640669551677,12468.75445221776,0.1107970310786723,Mensual,Estimado
2012-11-01,2012,11,11043.11,5733.6,0.0,4474.593866336219,54197498.700676024,0.7764117817801095,12468.75445221776,0.1095480156748971,Mensual,Estimado
2012-12-01,2012,12,11043.11,5733.6,0.0,5018.167976362456,60781416.25876048,0.8707303626171612,12468.75445221776,0.1228559195661567,Mensual,Estimado
2013-01-01,2013,1,13434.100000000002,8890.140000000001,0.0,12033.277346844603,121798353.06717455,1.3044058631558744,9172.404485518899,0.1377312934681939,Mensual,Estimado
2013-02-01,2013,2,13434.100000000002,8890.140000000001,0.0,8179.042132331925,82786578.64112842,0.8866072147177997,9172.404485518899,0.0936162293734821,Mensual,Estimado
2013-03-01,2013,3,13434.100000000002,8890.140000000001,0.0,9573.573882672736,96901741.58432561,1.0377742940653534,9172.404485518899,0.109577854475331,Mensual,Estimado
2013-04-01,2013,4,13434.100000000002,8890.140000000001,0.0,7787.720814879851,78825704.92302722,0.8441880294742871,9172.404485518899,0.0891372175747152,Mensual,Estimado
2013-05-01,2013,5,13434.100000000002,8890.140000000001,0.0,7564.13113404854,76562576.25881422,0.8199509341085768,9172.404485518899,0.0865780397996668,Mensual,Estimado
2013-06-01,2013,6,13434.100000000002,8890.140000000001,0.0,5133.262725538503,51957827.26604011,0.5564450816940352,9172.404485518899,0.0587546430221587,Mensual,Estimado
2013-07-01,2013,7,13434.100000000002,8890.140000000001,0.0,3403.045928112946,34444929.46593629,0.3688897823320963,9172.404485518899,0.0389508114789336,Mensual,Estimado
2013-08-01,2013,8,13434.100000000002,8890.140000000001,0.0,3497.712852410512,35403128.56141396,0.37915166590224925,9172.404485518899,0.0400343565146157,Mensual,Estimado
2013-09-01,2013,9,13434.100000000002,8890.140000000001,0.0,5008.856682964744,50698614.9450458,0.5429594811657814,9172.404485518899,0.0573307079905743,Mensual,Estimado
2013-10-01,2013,10,13434.100000000002,8890.140000000001,0.0,8539.771684776722,86437808.81924416,0.9257102561968507,9172.404485518899,0.0977450918951668,Mensual,Estimado
2013-11-01,2013,11,13434.100000000002,8890.140000000001,0.0,8201.24333934652,83011294.68253091,0.8890138229729123,9172.404485518899,0.0938703414387606,Mensual,Estimado
2013-12-01,2013,12,13434.100000000002,8890.140000000001,0.0,8446.141476072386,85490103.14531866,0.9155607524762811,9172.404485518899,0.0966734129684007,Mensual,Estimado
2014-01-01,2014,1,14976.0,10827.109999999999,0.0,11376.146018074272,158138225.32725298,1.002848156081548,14554.34536495675,0.1134773922247864,Mensual,Estimado
2014-02-01,2014,2,14976.0,10827.109999999999,0.0,8010.6382125139025,111354768.8868418,0.7061665477651665,14554.345364956753,0.0799063525527936,Mensual,Estimado
2014-03-01,2014,3,14976.0,10827.109999999999,0.0,9012.764770713111,125285190.94850919,0.7945076054004785,14554.345364956753,0.0899025945422136,Mensual,Estimado
2014-04-01,2014,4,14976.0,10827.109999999999,0.0,7605.528448816079,105723394.34293798,0.6704546661763113,14554.345364956753,0.0758653707056732,Mensual,Estimado
2014-05-01,2014,5,14976.0,10827.109999999999,0.0,6841.402799105185,95101389.8450764,0.6030942439727203,14554.345364956753,0.0682431948015052,Mensual,Estimado
2014-06-01,2014,6,14976.0,10827.109999999999,0.0,6200.471701672903,86191895.70321524,0.5465938642998429,14554.345364956753,0.0618498881916189,Mensual,Estimado
2014-07-01,2014,7,14976.0,10827.109999999999,0.0,4978.162499004615,69200745.29041025,0.43884291524294095,14554.345364956753,0.0496573178263314,Mensual,Estimado
2014-08-01,2014,8,14976.0,10827.109999999999,0.0,5837.402894249668,81144926.65180081,0.5145880440970576,14554.345364956751,0.0582282661239087,Mensual,Estimado
2014-09-01,2014,9,14976.0,10827.109999999999,0.0,9577.507743334376,133135604.5520682,0.8442917280597196,14554.345364956753,0.0955359223589027,Mensual,Estimado
2014-10-01,2014,10,14976.0,10827.109999999999,0.0,11030.53154902105,153333886.60861644,0.9723809985350067,14554.345364956753,0.1100298776973706,Mensual,Estimado
2014-11-01,2014,11,14976.0,10827.109999999999,0.0,9679.309767745915,134550740.35021856,0.8532659423766139,14554.345364956753,0.0965514005564462,Mensual,Estimado
2014-12-01,2014,12,14976.0,10827.109999999999,0.0,10100.463595748917,140405141.2030522,0.8903921658945317,14554.345364956753,0.100752422418449,Mensual,Estimado
2015-01-01,2015,1,17040.85,13062.65,0.0,12320.349088016084,186626455.11439395,0.8931953505183137,15363.760338007582,0.1029721336050323,Mensual,Estimado
2015-02-01,2015,2,17040.85,13062.65,0.0,8774.910561096556,132920783.35314539,0.6361596784631027,15363.760338007582,0.0733397451820859,Mensual,Estimado
2015-03-01,2015,3,17040.85,13062.65,0.0,9743.640585850524,147594933.34606776,0.7063902496779535,15363.760338007582,0.0814362850466259,Mensual,Estimado
2015-04-01,2015,4,17040.85,13062.65,0.0,8724.279922676964,132153839.45399739,0.6324890802919727,15363.760338007582,0.0729165798296592,Mensual,Estimado
2015-05-01,2015,5,17040.85,13062.65,0.0,9035.320701254164,136865429.80644506,0.6550387804069626,15363.760338007582,0.0755162247244145,Mensual,Estimado
2015-06-01,2015,6,17040.85,13062.65,0.0,7632.628188343715,115617693.28292322,0.5533469840310686,15363.760338007582,0.063792673726441,Mensual,Estimado
2015-07-01,2015,7,17040.85,13062.65,0.0,8748.715372833125,132523983.30375282,0.6342605910106532,15363.760338007582,0.0731208086563104,Mensual,Estimado
2015-08-01,2015,8,17040.85,13062.65,0.0,9093.10695324574,137740765.6663701,0.6592281431623541,15363.760338007583,0.0759991959144434,Mensual,Estimado
2015-09-01,2015,9,17040.85,13062.65,0.0,11365.591169558249,172163952.10078204,0.8239777230351298,15363.760338007582,0.0949923710806464,Mensual,Estimado
2015-10-01,2015,10,17040.85,13062.65,0.0,11797.488874527138,178706261.663162,0.8552892564358334,15363.760338007582,0.0986021249814529,Mensual,Estimado
2015-11-01,2015,11,17040.85,13062.65,0.0,11544.733282650941,174877564.94481346,0.8369650906294506,15363.760338007582,0.0964896213185972,Mensual,Estimado
2015-12-01,2015,12,17040.85,13062.65,0.0,10866.64529994679,164606008.87414658,0.7878053607332566,15363.760338007582,0.0908222359342905,Mensual,Estimado
2016-01-01,2016,1,19537.55,13235.9,0.0,18153.968334927125,243526039.7000066,1.3272389538186573,13155.999559271288,0.1265044173137222,Mensual,Estimado
2016-02-01,2016,2,19537.55,13235.9,0.0,13468.83325868877,180677390.32890505,0.9847081273699808,13155.999559271291,0.093856443497699,Mensual,Estimado
2016-03-01,2016,3,19537.55,13235.9,0.0,14730.715388765322,197604882.5463792,1.0769644917783627,13155.999559271288,0.1026497640895834,Mensual,Estimado
2016-04-01,2016,4,19537.55,13235.9,0.0,14651.315068851705,196539768.56673893,1.0711595242037377,13155.999559271288,0.1020964695690752,Mensual,Estimado
2016-05-01,2016,5,19537.55,13235.9,0.0,11586.826071819687,155431243.12573937,0.8471143405077681,13155.999559271288,0.0807418330630727,Mensual,Estimado
2016-06-01,2016,6,19537.55,13235.9,0.0,5546.587912897173,74404590.96081132,0.40551175384687066,13155.999559271288,0.0386509362060759,Mensual,Estimado
2016-07-01,2016,7,19537.55,13235.9,0.0,8514.99656019648,114224248.50077008,0.6225324908483711,13155.999559271288,0.0593360447921222,Mensual,Estimado
2016-08-01,2016,8,19537.55,13235.9,0.0,9327.288714133869,125120725.11008412,0.6819192744263041,13155.999559271291,0.0649964350564732,Mensual,Estimado
2016-09-01,2016,9,19537.55,13235.9,0.0,11945.979182649873,160249095.24009717,0.8733720705139327,13155.999559271288,0.0832445616221266,Mensual,Estimado
2016-10-01,2016,10,19537.55,13235.9,0.0,10659.824987965882,142996005.90467384,0.779341172348399,13155.999559271288,0.0742821031682874,Mensual,Estimado
2016-11-01,2016,11,19537.55,13235.9,0.0,10678.558672883139,143247308.54069918,0.7807107944559195,13155.999559271288,0.0744126472923529,Mensual,Estimado
2016-12-01,2016,12,19537.55,13235.9,0.0,14239.725846220965,191018513.29509532,1.0410681833371542,13155.999559271288,0.0992283443294088,Mensual,Estimado
2017-01-01,2017,1,21027.219999999998,14675.409999999998,0.0,19775.602732641288,325206547.58838606,1.3031051235317304,17053.13025204374,0.1165408588203789,Mensual,Estimado
2017-02-01,2017,2,21027.219999999998,14675.409999999998,0.0,14609.632923846008,240253020.2963377,0.9626956899047109,17053.13025204374,0.0860969544652705,Mensual,Estimado
2017-03-01,2017,3,21027.219999999998,14675.409999999998,0.0,16041.607729861693,263801611.41610444,1.057055074633217,17053.13025204374,0.0945358160240517,Mensual,Estimado
2017-04-01,2017,4,21027.219999999998,14675.409999999998,0.0,15120.091348640459,248647425.4762519,0.9963321356653071,17053.13025204374,0.0891051693865509,Mensual,Estimado
2017-05-01,2017,5,21027.219999999998,14675.409999999998,0.0,12443.002034442052,204623130.2258616,0.8199264478767936,17053.13025204374,0.0733286445426038,Mensual,Estimado
2017-06-01,2017,6,21027.219999999998,14675.409999999998,0.0,11183.737248130268,183914727.08929718,0.7369477181201808,17053.13025204374,0.0659075913558505,Mensual,Estimado
2017-07-01,2017,7,21027.219999999998,14675.409999999998,0.0,10239.997859050383,168395087.4254572,0.6747604032850771,17053.13025204374,0.0603459809011435,Mensual,Estimado
2017-08-01,2017,8,21027.219999999998,14675.409999999998,0.0,10608.089975456794,174448301.9842958,0.6990156803204066,17053.13025204374,0.0625152079002381,Mensual,Estimado
2017-09-01,2017,9,21027.219999999998,14675.409999999998,0.0,12213.782468514826,200853652.01158398,0.8048221198412965,17053.13025204374,0.071977816179355,Mensual,Estimado
2017-10-01,2017,10,21027.219999999998,14675.409999999998,0.0,14340.050147387094,235819775.69657704,0.9449316448857604,17053.13025204374,0.084508259105819,Mensual,Estimado
2017-11-01,2017,11,21027.219999999998,14675.409999999998,0.0,15139.625637170415,248968663.65130574,0.9976193394897406,17053.13025204374,0.0892202881413369,Mensual,Estimado
2017-12-01,2017,12,21027.219999999998,14675.409999999998,0.0,17972.929894858742,295561888.05854124,1.1843187460582096,17053.13025204374,0.1059174131774006,Mensual,Estimado
2018-01-01,2018,1,22528.83,18661.73,0.0,20926.771612169377,318585797.7498706,1.0637768788260837,15935.935139154566,0.1036983074854592,Mensual,Estimado
2018-02-01,2018,2,22528.83,18661.73,0.0,18019.427910241237,274324865.87860143,0.9159870015230182,15935.935139154564,0.0892915644504687,Mensual,Estimado
2018-03-01,2018,3,22528.83,18661.73,0.0,19913.764655075945,303163943.1259062,1.0122823913333592,15935.935139154566,0.0986785601078705,Mensual,Estimado
2018-04-01,2018,4,22528.83,18661.73,0.0,19693.484228155376,299810429.4143903,1.0010848101030192,15935.935139154566,0.0975870058123883,Mensual,Estimado
2018-05-01,2018,5,22528.83,18661.73,0.0,16813.2900621654,255962817.7018966,0.8546750333303709,15935.935139154566,0.0833147967121098,Mensual,Estimado
2018-06-01,2018,6,22528.83,18661.73,0.0,15121.772880244709,230211432.7870616,0.7686896313958511,15935.935139154564,0.074932831634145,Mensual,Estimado
2018-07-01,2018,7,22528.83,18661.73,0.0,12353.345390407942,188065338.93618646,0.6279613237058911,15935.935139154564,0.0612144592825613,Mensual,Estimado
2018-08-01,2018,8,22528.83,18661.73,0.0,13197.83630049383,200921732.42431405,0.6708895842697783,15935.935139154568,0.065399160090011,Mensual,Estimado
2018-09-01,2018,9,22528.83,18661.73,0.0,13336.785332079486,203037070.08339882,0.6779528222061135,15935.935139154564,0.0660876934036635,Mensual,Estimado
2018-10-01,2018,10,22528.83,18661.73,0.0,17363.461329059097,264338536.3846798,0.8826420549026628,15935.935139154564,0.0860410571339911,Mensual,Estimado
2018-11-01,2018,11,22528.83,18661.73,0.0,15978.880764895073,243259905.0621758,0.812259254424583,15935.935139154568,0.0791800532609629,Mensual,Estimado
2018-12-01,2018,12,22528.83,18661.73,0.0,19085.549535012524,290555329.64151806,0.9701814829015352,15935.935139154566,0.0945745106263681,Mensual,Estimado
2019-01-01,2019,1,23702.32,19556.9,0.0,27893.814243106433,567525937.5693753,1.3482302099970995,19901.504577299835,0.1204330187928676,Mensual,Estimado
2019-02-01,2019,2,23702.32,19556.9,0.0,21610.994251310556,439696043.9826717,1.0445540026814812,19901.504577299835,0.093306611068576,Mensual,Estimado
2019-03-01,2019,3,23702.32,19556.9,0.0,24978.74561567976,508216119.218941,1.2073321759936388,19901.504577299835,0.1078470557643034,Mensual,Estimado
2019-04-01,2019,4,23702.32,19556.9,0.0,21473.752188932856,436903724.88833666,1.0379204927223458,19901.504577299835,0.092714061203095,Mensual,Estimado
2019-05-01,2019,5,23702.32,19556.9,0.0,16546.15317636341,336647079.2678644,0.7997480508469983,19901.504577299835,0.0714388917582725,Mensual,Estimado
2019-06-01,2019,6,23702.32,19556.9,0.0,8089.513968794962,164588785.15531525,0.39100164007216387,19901.504577299835,0.0349269045580534,Mensual,Estimado
2019-07-01,2019,7,23702.32,19556.9,0.0,11989.881704358344,243945442.3947603,0.5795234953248608,19901.504577299835,0.0517669486159321,Mensual,Estimado
2019-08-01,2019,8,23702.32,19556.9,0.0,14448.875106684143,293975980.49073786,0.6983774162087185,19901.504577299835,0.0623837827302207,Mensual,Estimado
2019-09-01,2019,9,23702.32,19556.9,0.0,19809.52136624642,403043380.4497703,0.9574809281651717,19901.504577299835,0.0855286565754794,Mensual,Estimado
2019-10-01,2019,10,23702.32,19556.9,0.0,22395.56869230571,455658950.3581876,1.0824759216461013,19901.504577299835,0.0966940527276214,Mensual,Estimado
2019-11-01,2019,11,23702.32,19556.9,0.0,20369.28214957886,414432241.0984649,0.9845366184297956,19901.504577299835,0.0879454533731869,Mensual,Estimado
2019-12-01,2019,12,23702.32,19556.9,0.0,22006.57753663854,447744558.7155759,1.0636742754129485,19901.504577299835,0.0950145628323912,Mensual,Estimado
2020-01-01,2020,1,26670.79,20920.059999999998,0.0,28868.293293365936,487010846.34233004,1.2749027649457048,16664.913664400894,0.1163140165038916,Mensual,Estimado
2020-02-01,2020,2,26670.79,20920.059999999998,0.0,19829.709641009016,334529082.71545625,0.875734197116619,16664.913664400898,0.0798964161480838,Mensual,Estimado
2020-03-01,2020,3,26670.79,20920.059999999998,0.0,19117.64826168674,322516539.6992358,0.8442876196524209,16664.91366440089,0.0770274305040552,Mensual,Estimado
2020-04-01,2020,4,26670.79,20920.059999999998,0.0,17599.083547446182,296898208.9170053,0.7772236497370544,16664.913664400894,0.0709089405940543,Mensual,Estimado
2020-05-01,2020,5,26670.79,20920.059999999998,0.0,19577.037615408226,330266481.67477924,0.8645755095977796,16664.913664400894,0.0788783684977727,Mensual,Estimado
2020-06-01,2020,6,26670.79,20920.059999999998,0.0,17424.62320030063,293955046.3111281,0.7695190037890252,16664.913664400894,0.0702060177197802,Mensual,Estimado
2020-07-01,2020,7,26670.79,20920.059999999998,0.0,15465.706942311806,260907943.21355337,0.6830079056708358,16664.913664400894,0.0623132955679717,Mensual,Estimado
2020-08-01,2020,8,26670.79,20920.059999999998,0.0,16876.162372214374,284702460.1136168,0.7452974739921019,16664.913664400894,0.0679961994544093,Mensual,Estimado
2020-09-01,2020,9,26670.79,20920.059999999998,0.0,20268.756734444425,341935848.8302808,0.8951237172269335,16664.913664400894,0.0816653925940716,Mensual,Estimado
2020-10-01,2020,10,26670.79,20920.059999999998,0.0,25991.77678020541,438483739.89527434,1.1478679306112802,16664.913664400894,0.1047241664983717,Mensual,Estimado
2020-11-01,2020,11,26670.79,20920.059999999998,0.0,23250.797595650616,392243161.0390417,1.0268187953009296,16664.913664400894,0.0936804135868549,Mensual,Estimado
2020-12-01,2020,12,26670.79,20920.059999999998,0.0,23923.13401595663,403585540.2282974,1.0565110099570285,16664.913664400894,0.0963893423306824,Mensual,Estimado
2021-01-01,2021,1,27779.42,21413.559999999998,0.0,30931.466339301274,674437987.7206218,1.3409101659289857,21485.29033302839,0.1208161674417124,Mensual,Estimado
2021-02-01,2021,2,27779.42,21413.559999999998,0.0,22798.564335097166,497106011.21891105,0.9883406868000544,21485.29033302839,0.0890496149107548,Mensual,Estimado
2021-03-01,2021,3,27779.42,21413.559999999998,0.0,26259.974306224027,572579522.5615237,1.1383962893317259,21485.290333028388,0.1025696427706924,Mensual,Estimado
2021-04-01,2021,4,27779.42,21413.559999999998,0.0,21425.49199884905,467167173.74849355,0.9288166204646804,21485.290333028388,0.0836864893652013,Mensual,Estimado
2021-05-01,2021,5,27779.42,21413.559999999998,0.0,20243.041065961308,441384696.480615,0.8775561836257457,21485.290333028388,0.0790679178325009,Mensual,Estimado
2021-06-01,2021,6,27779.42,21413.559999999998,0.0,18548.20463879548,404430028.476371,0.804083320430578,21485.290333028384,0.0724480040099671,Mensual,Estimado
2021-07-01,2021,7,27779.42,21413.559999999998,0.0,16769.920809745174,365655850.94127834,0.7269929284613189,21485.290333028388,0.0655021504092133,Mensual,Estimado
2021-08-01,2021,8,27779.42,21413.559999999998,0.0,13764.870298973527,300132923.665486,0.5967209673838081,21485.290333028388,0.0537646310269236,Mensual,Estimado
2021-09-01,2021,9,27779.42,21413.559999999998,0.0,18578.141488307294,405082779.572034,0.8053811129569954,21485.290333028384,0.072564935272896,Mensual,Estimado
2021-10-01,2021,10,27779.42,21413.559999999998,0.0,21495.641160402454,468696724.88064444,0.9318576571496704,21485.290333028388,0.0839604871367638,Mensual,Estimado
2021-11-01,2021,11,27779.42,21413.559999999998,0.0,22291.64230346752,486052947.28740424,0.9663651070428835,21485.290333028388,0.0870696125280212,Mensual,Estimado
2021-12-01,2021,12,27779.42,21413.559999999998,0.0,22913.961254875707,499622156.60661656,0.9933432592985763,21485.290333028388,0.0895003472953527,Mensual,Estimado
2022-01-01,2022,1,28647.79,27832.79,0.0,34704.695243861875,1091165977.8839948,1.1552186549597898,29644.445572087658,0.1123808636420115,Mensual,Estimado
2022-02-01,2022,2,28647.79,27832.79,0.0,19795.295034053503,622392800.5002582,0.6589279618531179,29644.445572087658,0.0641011925430699,Mensual,Estimado
2022-03-01,2022,3,28647.79,27832.79,0.0,28152.664366305267,885160619.5485209,0.9371205490856381,29644.445572087658,0.0911640546928198,Mensual,Estimado
2022-04-01,2022,4,28647.79,27832.79,0.0,25229.972515248835,793266946.6808527,0.8398326136833957,29644.445572087658,0.0816997838766315,Mensual,Estimado
2022-05-01,2022,5,28647.79,27832.79,0.0,19275.68241658181,606055425.8055576,0.6416315647852902,29644.445572087658,0.0624185811759212,Mensual,Estimado
2022-06-01,2022,6,28647.79,27832.79,0.0,12886.58926390607,405173065.9766119,0.4289571832244178,29644.445572087658,0.0417293977285041,Mensual,Estimado
2022-07-01,2022,7,28647.79,27832.79,0.0,17506.1118777279,550417560.2690566,0.5827276936120418,29644.445572087658,0.0566883517636046,Mensual,Estimado
2022-08-01,2022,8,28647.79,27832.79,0.0,23603.885395272206,742140408.0403011,0.7857048893974696,29644.445572087658,0.076434182965399,Mensual,Estimado
2022-09-01,2022,9,28647.79,27832.79,0.0,28691.408606577967,902099520.2256708,0.9550537823914467,29644.445572087658,0.0929086181468013,Mensual,Estimado
2022-10-01,2022,10,28647.79,27832.79,0.0,33517.319266266655,1053833154.1664952,1.1156943522644154,29644.445572087658,0.1085358986627115,Mensual,Estimado
2022-11-01,2022,11,28647.79,27832.79,0.0,29924.27475893328,940862621.0476782,0.9960923210750923,29644.445572087658,0.0969008895666518,Mensual,Estimado
2022-12-01,2022,12,28647.79,27832.79,0.0,35525.311255264634,1116967336.0650015,1.182534582048901,29644.445572087658,0.1150381852358732,Mensual,Estimado
2023-01-01,2023,1,29618.87,26890.64,0.0,34329.276493556456,953150231.5389082,1.1773851519031036,27130.558460681175,0.1062074981028319,Mensual,Estimado
2023-02-01,2023,2,29618.87,26890.64,0.0,27335.225352413752,758960835.6212169,0.9375114112847127,27130.558460681175,0.08456938774407,Mensual,Estimado
2023-03-01,2023,3,29618.87,26890.64,0.0,36371.74405438121,1009859216.6197981,1.2474353022408242,27130.558460681175,0.1125264594020048,Mensual,Estimado
2023-04-01,2023,4,29618.87,26890.64,0.0,30848.398295458,856503864.3747468,1.0580020851847123,27130.558460681175,0.0954383994680231,Mensual,Estimado
2023-05-01,2023,5,29618.87,26890.64,0.0,26821.175763433544,744688280.6825502,0.9198811430347895,27130.558460681175,0.0829790273775583,Mensual,Estimado
2023-06-01,2023,6,29618.87,26890.64,0.0,20030.718426556596,556151654.1062753,0.6869900232766712,27130.558460681175,0.0619707930543243,Mensual,Estimado
2023-07-01,2023,7,29618.87,26890.64,0.0,15956.633244150062,443034931.834284,0.5472618410572107,27130.558460681175,0.0493664378660513,Mensual,Estimado
2023-08-01,2023,8,29618.87,26890.64,0.0,20017.1984187774,555776271.9292705,0.6865263299501945,27130.558460681175,0.0619289650186875,Mensual,Estimado
2023-09-01,2023,9,29618.87,26890.64,0.0,26489.310256307755,735474055.4711306,0.9084992101649827,27130.558460681175,0.0819523059077634,Mensual,Estimado
2023-10-01,2023,10,29618.87,26890.64,0.0,28284.237589197204,785310101.4845154,0.9700595168870234,27130.558460681175,0.0875054302603363,Mensual,Estimado
2023-11-01,2023,11,29618.87,26890.64,0.0,26936.382103463846,747886977.5643574,0.9238323545956344,27130.558460681175,0.0833354513512036,Mensual,Estimado
2023-12-01,2023,12,29618.87,26890.64,0.0,29808.070002304186,827619213.8729467,1.0223221288741298,27130.558460681175,0.0922198444471448,Mensual,Estimado
2024-01-01,2024,1,30902.87,28409.64,0.0,38532.34121492689,960234843.4260652,1.2045897738793574,25550.480695528462,0.1136594091837502,Mensual,Estimado
2024-02-01,2024,2,30902.87,28409.64,0.0,33815.77481660048,842696919.3289142,1.0571414883065606,25550.48069552846,0.0997468844497992,Mensual,Estimado
2024-03-01,2024,3,30902.87,28409.64,0.0,37183.49857604748,926621373.3042696,1.1624225450493282,25550.480695528462,0.1096807083682001,Mensual,Estimado
2024-04-01,2024,4,30902.87,28409.64,0.0,32139.128913945453,800914516.1565571,1.004726544260218,25550.48069552846,0.0948012575634603,Mensual,Estimado
2024-05-01,2024,5,30902.87,28409.64,0.0,22806.942541821038,568354276.1785008,0.7129857385538005,25550.48069552846,0.0672739712371,Mensual,Estimado
2024-06-01,2024,6,30902.87,28409.64,0.0,14814.924693878995,369191345.3804089,0.463140993367051,25550.48069552846,0.0436997995635867,Mensual,Estimado
2024-07-01,2024,7,30902.87,28409.64,0.0,15571.951028042764,388056616.488658,0.48680698800788,25550.48069552846,0.0459328111887475,Mensual,Estimado
2024-08-01,2024,8,30902.87,28409.64,0.0,23512.539044048877,585937903.9954438,0.7350439448363566,25550.48069552846,0.0693552795364844,Mensual,Estimado
2024-09-01,2024,9,30902.87,28409.64,0.0,27116.300203148687,675744464.4909842,0.8477039520635735,25550.48069552846,0.0799853464171326,Mensual,Estimado
2024-10-01,2024,10,30902.87,28409.64,0.0,34922.506204438476,870276921.1509588,1.0917398872147617,25550.480695528462,0.1030114261750253,Mensual,Estimado
2024-11-01,2024,11,30902.87,28409.64,0.0,30659.500247424123,764041828.0164595,0.9584707107283617,25550.480695528462,0.0904367752936156,Mensual,Estimado
2024-12-01,2024,12,30902.87,28409.64,0.0,27940.44251567676,696282281.2827816,0.8734681120027579,25550.48069552846,0.0824163310230974,Mensual,Estimado
