Fecha,Anio,Sembrada,Cosechada,Rendimiento,Mes_Sin,Mes_Cos,Nommodalidad_one_hot
1996-01-01,0.0,0.495832581046161,0.4505556064244187,0.8042376980745669,0.75,0.9330127018922194,0.0
1996-01-01,0.0,0.0065772470691832785,0.00889421749823327,0.29396617362343824,0.75,0.9330127018922194,1.0
1996-02-01,0.0,0.495832581046161,0.4505556064244187,0.8042376980745669,0.9330127018922193,0.75,0.0
1996-02-01,0.0,0.0065772470691832785,0.00889421749823327,0.29396617362343824,0.9330127018922193,0.75,1.0
1996-03-01,0.0,0.495832581046161,0.4505556064244187,0.8042376980745669,1.0,0.5,0.0
1996-03-01,0.0,0.0065772470691832785,0.00889421749823327,0.29396617362343824,1.0,0.5,1.0
1996-04-01,0.0,0.495832581046161,0.4505556064244187,0.8042376980745669,0.9330127018922194,0.2500000000000001,0.0
1996-04-01,0.0,0.0065772470691832785,0.00889421749823327,0.29396617362343824,0.9330127018922194,0.2500000000000001,1.0
1996-05-01,0.0,0.495832581046161,0.4505556064244187,0.8042376980745669,0.75,0.06698729810778065,0.0
1996-05-01,0.0,0.0065772470691832785,0.00889421749823327,0.29396617362343824,0.75,0.06698729810778065,1.0
1996-06-01,0.0,0.495832581046161,0.4505556064244187,0.8042376980745669,0.5000000000000001,0.0,0.0
1996-06-01,0.0,0.0065772470691832785,0.00889421749823327,0.29396617362343824,0.5000000000000001,0.0,1.0
1996-07-01,0.0,0.495832581046161,0.4505556064244187,0.8042376980745669,0.2500000000000001,0.06698729810778059,0.0
1996-07-01,0.0,0.0065772470691832785,0.00889421749823327,0.29396617362343824,0.2500000000000001,0.06698729810778059,1.0
1996-08-01,0.0,0.495832581046161,0.4505556064244187,0.8042376980745669,0.06698729810778081,0.24999999999999978,0.0
1996-08-01,0.0,0.0065772470691832785,0.00889421749823327,0.29396617362343824,0.06698729810778081,0.24999999999999978,1.0
1996-09-01,0.0,0.495832581046161,0.4505556064244187,0.8042376980745669,0.0,0.4999999999999999,0.0
1996-09-01,0.0,0.0065772470691832785,0.00889421749823327,0.29396617362343824,0.0,0.4999999999999999,1.0
1996-10-01,0.0,0.495832581046161,0.4505556064244187,0.8042376980745669,0.0669872981077807,0.75,0.0
1996-10-01,0.0,0.0065772470691832785,0.00889421749823327,0.29396617362343824,0.0669872981077807,0.75,1.0
1996-11-01,0.0,0.495832581046161,0.4505556064244187,0.8042376980745669,0.24999999999999978,0.9330127018922192,0.0
1996-11-01,0.0,0.0065772470691832785,0.00889421749823327,0.29396617362343824,0.24999999999999978,0.9330127018922192,1.0
1996-12-01,0.0,0.495832581046161,0.4505556064244187,0.8042376980745669,0.4999999999999999,1.0,0.0
1996-12-01,0.0,0.0065772470691832785,0.00889421749823327,0.29396617362343824,0.4999999999999999,1.0,1.0
1997-01-01,0.035714285714291805,0.4144095672074739,0.45014825555973065,0.8212467488896045,0.75,0.9330127018922194,0.0
1997-01-01,0.035714285714291805,0.012894417683578019,0.01739725550546556,0.5930419837878498,0.75,0.9330127018922194,1.0
1997-02-01,0.035714285714291805,0.4144095672074739,0.45014825555973065,0.8212467488896045,0.9330127018922193,0.75,0.0
1997-02-01,0.035714285714291805,0.012894417683578019,0.01739725550546556,0.5930419837878498,0.9330127018922193,0.75,1.0
1997-03-01,0.035714285714291805,0.4144095672074739,0.45014825555973065,0.8212467488896045,1.0,0.5,0.0
1997-03-01,0.035714285714291805,0.012894417683578019,0.01739725550546556,0.5930419837878498,1.0,0.5,1.0
1997-04-01,0.035714285714291805,0.4144095672074739,0.45014825555973065,0.8212467488896045,0.9330127018922194,0.2500000000000001,0.0
1997-04-01,0.035714285714291805,0.012894417683578019,0.01739725550546556,0.5930419837878498,0.9330127018922194,0.2500000000000001,1.0
1997-05-01,0.035714285714291805,0.4144095672074739,0.45014825555973065,0.8212467488896045,0.75,0.06698729810778065,0.0
1997-05-01,0.035714285714291805,0.012894417683578019,0.01739725550546556,0.5930419837878498,0.75,0.06698729810778065,1.0
1997-06-01,0.035714285714291805,0.4144095672074739,0.45014825555973065,0.8212467488896045,0.5000000000000001,0.0,0.0
1997-06-01,0.035714285714291805,0.012894417683578019,0.01739725550546556,0.5930419837878498,0.5000000000000001,0.0,1.0
1997-07-01,0.035714285714291805,0.4144095672074739,0.45014825555973065,0.8212467488896045,0.2500000000000001,0.06698729810778059,0.0
1997-07-01,0.035714285714291805,0.012894417683578019,0.01739725550546556,0.5930419837878498,0.2500000000000001,0.06698729810778059,1.0
1997-08-01,0.035714285714291805,0.4144095672074739,0.45014825555973065,0.8212467488896045,0.06698729810778081,0.24999999999999978,0.0
1997-08-01,0.035714285714291805,0.012894417683578019,0.01739725550546556,0.5930419837878498,0.06698729810778081,0.24999999999999978,1.0
1997-09-01,0.035714285714291805,0.4144095672074739,0.45014825555973065,0.8212467488896045,0.0,0.4999999999999999,0.0
1997-09-01,0.035714285714291805,0.012894417683578019,0.01739725550546556,0.5930419837878498,0.0,0.4999999999999999,1.0
1997-10-01,0.035714285714291805,0.4144095672074739,0.45014825555973065,0.8212467488896045,0.0669872981077807,0.75,0.0
1997-10-01,0.035714285714291805,0.012894417683578019,0.01739725550546556,0.5930419837878498,0.0669872981077807,0.75,1.0
1997-11-01,0.035714285714291805,0.4144095672074739,0.45014825555973065,0.8212467488896045,0.24999999999999978,0.9330127018922192,0.0
1997-11-01,0.035714285714291805,0.012894417683578019,0.01739725550546556,0.5930419837878498,0.24999999999999978,0.9330127018922192,1.0
1997-12-01,0.035714285714291805,0.4144095672074739,0.45014825555973065,0.8212467488896045,0.4999999999999999,1.0,0.0
1997-12-01,0.035714285714291805,0.012894417683578019,0.01739725550546556,0.5930419837878498,0.4999999999999999,1.0,1.0
1998-01-01,0.0714285714285694,0.36560179460891196,0.4422845663170349,0.458386998168802,0.75,0.9330127018922194,0.0
1998-01-01,0.0714285714285694,0.0,0.0,0.29396617362343824,0.75,0.9330127018922194,1.0
1998-02-01,0.0714285714285694,0.36560179460891196,0.4422845663170349,0.458386998168802,0.9330127018922193,0.75,0.0
1998-02-01,0.0714285714285694,0.0,0.0,0.29396617362343824,0.9330127018922193,0.75,1.0
1998-03-01,0.0714285714285694,0.36560179460891196,0.4422845663170349,0.458386998168802,1.0,0.5,0.0
1998-03-01,0.0714285714285694,0.0,0.0,0.29396617362343824,1.0,0.5,1.0
1998-04-01,0.0714285714285694,0.36560179460891196,0.4422845663170349,0.458386998168802,0.9330127018922194,0.2500000000000001,0.0
1998-04-01,0.0714285714285694,0.0,0.0,0.29396617362343824,0.9330127018922194,0.2500000000000001,1.0
1998-05-01,0.0714285714285694,0.36560179460891196,0.4422845663170349,0.458386998168802,0.75,0.06698729810778065,0.0
1998-05-01,0.0714285714285694,0.0,0.0,0.29396617362343824,0.75,0.06698729810778065,1.0
1998-06-01,0.0714285714285694,0.36560179460891196,0.4422845663170349,0.458386998168802,0.5000000000000001,0.0,0.0
1998-06-01,0.0714285714285694,0.0,0.0,0.29396617362343824,0.5000000000000001,0.0,1.0
1998-07-01,0.0714285714285694,0.36560179460891196,0.4422845663170349,0.458386998168802,0.2500000000000001,0.06698729810778059,0.0
1998-07-01,0.0714285714285694,0.0,0.0,0.29396617362343824,0.2500000000000001,0.06698729810778059,1.0
1998-08-01,0.0714285714285694,0.36560179460891196,0.4422845663170349,0.458386998168802,0.06698729810778081,0.24999999999999978,0.0
1998-08-01,0.0714285714285694,0.0,0.0,0.29396617362343824,0.06698729810778081,0.24999999999999978,1.0
1998-09-01,0.0714285714285694,0.36560179460891196,0.4422845663170349,0.458386998168802,0.0,0.4999999999999999,0.0
1998-09-01,0.0714285714285694,0.0,0.0,0.29396617362343824,0.0,0.4999999999999999,1.0
1998-10-01,0.0714285714285694,0.36560179460891196,0.4422845663170349,0.458386998168802,0.0669872981077807,0.75,0.0
1998-10-01,0.0714285714285694,0.0,0.0,0.29396617362343824,0.0669872981077807,0.75,1.0
1998-11-01,0.0714285714285694,0.36560179460891196,0.4422845663170349,0.458386998168802,0.24999999999999978,0.9330127018922192,0.0
1998-11-01,0.0714285714285694,0.0,0.0,0.29396617362343824,0.24999999999999978,0.9330127018922192,1.0
1998-12-01,0.0714285714285694,0.36560179460891196,0.4422845663170349,0.458386998168802,0.4999999999999999,1.0,0.0
1998-12-01,0.0714285714285694,0.0,0.0,0.29396617362343824,0.4999999999999999,1.0,1.0
1999-01-01,0.1071428571428612,0.3476400520836535,0.42355039260261984,0.5646935657627872,0.75,0.9330127018922194,0.0
1999-01-01,0.1071428571428612,0.09479563588589901,0.12438755407587032,0.49098767889762396,0.75,0.9330127018922194,1.0
1999-02-01,0.1071428571428612,0.3476400520836535,0.42355039260261984,0.5646935657627872,0.9330127018922193,0.75,0.0
1999-02-01,0.1071428571428612,0.09479563588589901,0.12438755407587032,0.49098767889762396,0.9330127018922193,0.75,1.0
1999-03-01,0.1071428571428612,0.3476400520836535,0.42355039260261984,0.5646935657627872,1.0,0.5,0.0
1999-03-01,0.1071428571428612,0.09479563588589901,0.12438755407587032,0.49098767889762396,1.0,0.5,1.0
1999-04-01,0.1071428571428612,0.3476400520836535,0.42355039260261984,0.5646935657627872,0.9330127018922194,0.2500000000000001,0.0
1999-04-01,0.1071428571428612,0.09479563588589901,0.12438755407587032,0.49098767889762396,0.9330127018922194,0.2500000000000001,1.0
1999-05-01,0.1071428571428612,0.3476400520836535,0.42355039260261984,0.5646935657627872,0.75,0.06698729810778065,0.0
1999-05-01,0.1071428571428612,0.09479563588589901,0.12438755407587032,0.49098767889762396,0.75,0.06698729810778065,1.0
1999-06-01,0.1071428571428612,0.3476400520836535,0.42355039260261984,0.5646935657627872,0.5000000000000001,0.0,0.0
1999-06-01,0.1071428571428612,0.09479563588589901,0.12438755407587032,0.49098767889762396,0.5000000000000001,0.0,1.0
1999-07-01,0.1071428571428612,0.3476400520836535,0.42355039260261984,0.5646935657627872,0.2500000000000001,0.06698729810778059,0.0
1999-07-01,0.1071428571428612,0.09479563588589901,0.12438755407587032,0.49098767889762396,0.2500000000000001,0.06698729810778059,1.0
1999-08-01,0.1071428571428612,0.3476400520836535,0.42355039260261984,0.5646935657627872,0.06698729810778081,0.24999999999999978,0.0
1999-08-01,0.1071428571428612,0.09479563588589901,0.12438755407587032,0.49098767889762396,0.06698729810778081,0.24999999999999978,1.0
1999-09-01,0.1071428571428612,0.3476400520836535,0.42355039260261984,0.5646935657627872,0.0,0.4999999999999999,0.0
1999-09-01,0.1071428571428612,0.09479563588589901,0.12438755407587032,0.49098767889762396,0.0,0.4999999999999999,1.0
1999-10-01,0.1071428571428612,0.3476400520836535,0.42355039260261984,0.5646935657627872,0.0669872981077807,0.75,0.0
1999-10-01,0.1071428571428612,0.09479563588589901,0.12438755407587032,0.49098767889762396,0.0669872981077807,0.75,1.0
1999-11-01,0.1071428571428612,0.3476400520836535,0.42355039260261984,0.5646935657627872,0.24999999999999978,0.9330127018922192,0.0
1999-11-01,0.1071428571428612,0.09479563588589901,0.12438755407587032,0.49098767889762396,0.24999999999999978,0.9330127018922192,1.0
1999-12-01,0.1071428571428612,0.3476400520836535,0.42355039260261984,0.5646935657627872,0.4999999999999999,1.0,0.0
1999-12-01,0.1071428571428612,0.09479563588589901,0.12438755407587032,0.49098767889762396,0.4999999999999999,1.0,1.0
2000-01-01,0.142857142857153,0.3715696617364802,0.43633344050633865,0.41302952932870163,0.75,0.9330127018922194,0.0
2000-01-01,0.142857142857153,0.07584484359635996,0.10014001153055879,0.5774503538740654,0.75,0.9330127018922194,1.0
2000-02-01,0.142857142857153,0.3715696617364802,0.43633344050633865,0.41302952932870163,0.9330127018922193,0.75,0.0
2000-02-01,0.142857142857153,0.07584484359635996,0.10014001153055879,0.5774503538740654,0.9330127018922193,0.75,1.0
2000-03-01,0.142857142857153,0.3715696617364802,0.43633344050633865,0.41302952932870163,1.0,0.5,0.0
2000-03-01,0.142857142857153,0.07584484359635996,0.10014001153055879,0.5774503538740654,1.0,0.5,1.0
2000-04-01,0.142857142857153,0.3715696617364802,0.43633344050633865,0.41302952932870163,0.9330127018922194,0.2500000000000001,0.0
2000-04-01,0.142857142857153,0.07584484359635996,0.10014001153055879,0.5774503538740654,0.9330127018922194,0.2500000000000001,1.0
2000-05-01,0.142857142857153,0.3715696617364802,0.43633344050633865,0.41302952932870163,0.75,0.06698729810778065,0.0
2000-05-01,0.142857142857153,0.07584484359635996,0.10014001153055879,0.5774503538740654,0.75,0.06698729810778065,1.0
2000-06-01,0.142857142857153,0.3715696617364802,0.43633344050633865,0.41302952932870163,0.5000000000000001,0.0,0.0
2000-06-01,0.142857142857153,0.07584484359635996,0.10014001153055879,0.5774503538740654,0.5000000000000001,0.0,1.0
2000-07-01,0.142857142857153,0.3715696617364802,0.43633344050633865,0.41302952932870163,0.2500000000000001,0.06698729810778059,0.0
2000-07-01,0.142857142857153,0.07584484359635996,0.10014001153055879,0.5774503538740654,0.2500000000000001,0.06698729810778059,1.0
2000-08-01,0.142857142857153,0.3715696617364802,0.43633344050633865,0.41302952932870163,0.06698729810778081,0.24999999999999978,0.0
2000-08-01,0.142857142857153,0.07584484359635996,0.10014001153055879,0.5774503538740654,0.06698729810778081,0.24999999999999978,1.0
2000-09-01,0.142857142857153,0.3715696617364802,0.43633344050633865,0.41302952932870163,0.0,0.4999999999999999,0.0
2000-09-01,0.142857142857153,0.07584484359635996,0.10014001153055879,0.5774503538740654,0.0,0.4999999999999999,1.0
2000-10-01,0.142857142857153,0.3715696617364802,0.43633344050633865,0.41302952932870163,0.0669872981077807,0.75,0.0
2000-10-01,0.142857142857153,0.07584484359635996,0.10014001153055879,0.5774503538740654,0.0669872981077807,0.75,1.0
2000-11-01,0.142857142857153,0.3715696617364802,0.43633344050633865,0.41302952932870163,0.24999999999999978,0.9330127018922192,0.0
2000-11-01,0.142857142857153,0.07584484359635996,0.10014001153055879,0.5774503538740654,0.24999999999999978,0.9330127018922192,1.0
2000-12-01,0.142857142857153,0.3715696617364802,0.43633344050633865,0.41302952932870163,0.4999999999999999,1.0,0.0
2000-12-01,0.142857142857153,0.07584484359635996,0.10014001153055879,0.5774503538740654,0.4999999999999999,1.0,1.0
2001-01-01,0.1785714285714306,0.36045822458109555,0.43287011598397673,0.354915272377323,0.75,0.9330127018922194,0.0
2001-01-01,0.1785714285714306,0.08077108907470137,0.10647110846697311,0.5264232014289523,0.75,0.9330127018922194,1.0
2001-02-01,0.1785714285714306,0.36045822458109555,0.43287011598397673,0.354915272377323,0.9330127018922193,0.75,0.0
2001-02-01,0.1785714285714306,0.08077108907470137,0.10647110846697311,0.5264232014289523,0.9330127018922193,0.75,1.0
2001-03-01,0.1785714285714306,0.36045822458109555,0.43287011598397673,0.354915272377323,1.0,0.5,0.0
2001-03-01,0.1785714285714306,0.08077108907470137,0.10647110846697311,0.5264232014289523,1.0,0.5,1.0
2001-04-01,0.1785714285714306,0.36045822458109555,0.43287011598397673,0.354915272377323,0.9330127018922194,0.2500000000000001,0.0
2001-04-01,0.1785714285714306,0.08077108907470137,0.10647110846697311,0.5264232014289523,0.9330127018922194,0.2500000000000001,1.0
2001-05-01,0.1785714285714306,0.36045822458109555,0.43287011598397673,0.354915272377323,0.75,0.06698729810778065,0.0
2001-05-01,0.1785714285714306,0.08077108907470137,0.10647110846697311,0.5264232014289523,0.75,0.06698729810778065,1.0
2001-06-01,0.1785714285714306,0.36045822458109555,0.43287011598397673,0.354915272377323,0.5000000000000001,0.0,0.0
2001-06-01,0.1785714285714306,0.08077108907470137,0.10647110846697311,0.5264232014289523,0.5000000000000001,0.0,1.0
2001-07-01,0.1785714285714306,0.36045822458109555,0.43287011598397673,0.354915272377323,0.2500000000000001,0.06698729810778059,0.0
2001-07-01,0.1785714285714306,0.08077108907470137,0.10647110846697311,0.5264232014289523,0.2500000000000001,0.06698729810778059,1.0
2001-08-01,0.1785714285714306,0.36045822458109555,0.43287011598397673,0.354915272377323,0.06698729810778081,0.24999999999999978,0.0
2001-08-01,0.1785714285714306,0.08077108907470137,0.10647110846697311,0.5264232014289523,0.06698729810778081,0.24999999999999978,1.0
2001-09-01,0.1785714285714306,0.36045822458109555,0.43287011598397673,0.354915272377323,0.0,0.4999999999999999,0.0
2001-09-01,0.1785714285714306,0.08077108907470137,0.10647110846697311,0.5264232014289523,0.0,0.4999999999999999,1.0
2001-10-01,0.1785714285714306,0.36045822458109555,0.43287011598397673,0.354915272377323,0.0669872981077807,0.75,0.0
2001-10-01,0.1785714285714306,0.08077108907470137,0.10647110846697311,0.5264232014289523,0.0669872981077807,0.75,1.0
2001-11-01,0.1785714285714306,0.36045822458109555,0.43287011598397673,0.354915272377323,0.24999999999999978,0.9330127018922192,0.0
2001-11-01,0.1785714285714306,0.08077108907470137,0.10647110846697311,0.5264232014289523,0.24999999999999978,0.9330127018922192,1.0
2001-12-01,0.1785714285714306,0.36045822458109555,0.43287011598397673,0.354915272377323,0.4999999999999999,1.0,0.0
2001-12-01,0.1785714285714306,0.08077108907470137,0.10647110846697311,0.5264232014289523,0.4999999999999999,1.0,1.0
2002-01-01,0.2142857142857224,0.3329498619575878,0.4008764421065655,0.4966573625026365,0.75,0.9330127018922194,0.0
2002-01-01,0.2142857142857224,0.2111018573932193,0.21567450046029518,0.4201166338349671,0.75,0.9330127018922194,1.0
2002-02-01,0.2142857142857224,0.3329498619575878,0.4008764421065655,0.4966573625026365,0.9330127018922193,0.75,0.0
2002-02-01,0.2142857142857224,0.2111018573932193,0.21567450046029518,0.4201166338349671,0.9330127018922193,0.75,1.0
2002-03-01,0.2142857142857224,0.3329498619575878,0.4008764421065655,0.4966573625026365,1.0,0.5,0.0
2002-03-01,0.2142857142857224,0.2111018573932193,0.21567450046029518,0.4201166338349671,1.0,0.5,1.0
2002-04-01,0.2142857142857224,0.3329498619575878,0.4008764421065655,0.4966573625026365,0.9330127018922194,0.2500000000000001,0.0
2002-04-01,0.2142857142857224,0.2111018573932193,0.21567450046029518,0.4201166338349671,0.9330127018922194,0.2500000000000001,1.0
2002-05-01,0.2142857142857224,0.3329498619575878,0.4008764421065655,0.4966573625026365,0.75,0.06698729810778065,0.0
2002-05-01,0.2142857142857224,0.2111018573932193,0.21567450046029518,0.4201166338349671,0.75,0.06698729810778065,1.0
2002-06-01,0.2142857142857224,0.3329498619575878,0.4008764421065655,0.4966573625026365,0.5000000000000001,0.0,0.0
2002-06-01,0.2142857142857224,0.2111018573932193,0.21567450046029518,0.4201166338349671,0.5000000000000001,0.0,1.0
2002-07-01,0.2142857142857224,0.3329498619575878,0.4008764421065655,0.4966573625026365,0.2500000000000001,0.06698729810778059,0.0
2002-07-01,0.2142857142857224,0.2111018573932193,0.21567450046029518,0.4201166338349671,0.2500000000000001,0.06698729810778059,1.0
2002-08-01,0.2142857142857224,0.3329498619575878,0.4008764421065655,0.4966573625026365,0.06698729810778081,0.24999999999999978,0.0
2002-08-01,0.2142857142857224,0.2111018573932193,0.21567450046029518,0.4201166338349671,0.06698729810778081,0.24999999999999978,1.0
2002-09-01,0.2142857142857224,0.3329498619575878,0.4008764421065655,0.4966573625026365,0.0,0.4999999999999999,0.0
2002-09-01,0.2142857142857224,0.2111018573932193,0.21567450046029518,0.4201166338349671,0.0,0.4999999999999999,1.0
2002-10-01,0.2142857142857224,0.3329498619575878,0.4008764421065655,0.4966573625026365,0.0669872981077807,0.75,0.0
2002-10-01,0.2142857142857224,0.2111018573932193,0.21567450046029518,0.4201166338349671,0.0669872981077807,0.75,1.0
2002-11-01,0.2142857142857224,0.3329498619575878,0.4008764421065655,0.4966573625026365,0.24999999999999978,0.9330127018922192,0.0
2002-11-01,0.2142857142857224,0.2111018573932193,0.21567450046029518,0.4201166338349671,0.24999999999999978,0.9330127018922192,1.0
2002-12-01,0.2142857142857224,0.3329498619575878,0.4008764421065655,0.4966573625026365,0.4999999999999999,1.0,0.0
2002-12-01,0.2142857142857224,0.2111018573932193,0.21567450046029518,0.4201166338349671,0.4999999999999999,1.0,1.0
2003-01-01,0.25,0.3288463525228028,0.39814396393385126,0.4170603705233711,0.75,0.9330127018922194,0.0
2003-01-01,0.25,0.20820083422346403,0.21133221033776767,0.46485522876043595,0.75,0.9330127018922194,1.0
2003-02-01,0.25,0.3288463525228028,0.39814396393385126,0.4170603705233711,0.9330127018922193,0.75,0.0
2003-02-01,0.25,0.20820083422346403,0.21133221033776767,0.46485522876043595,0.9330127018922193,0.75,1.0
2003-03-01,0.25,0.3288463525228028,0.39814396393385126,0.4170603705233711,1.0,0.5,0.0
2003-03-01,0.25,0.20820083422346403,0.21133221033776767,0.46485522876043595,1.0,0.5,1.0
2003-04-01,0.25,0.3288463525228028,0.39814396393385126,0.4170603705233711,0.9330127018922194,0.2500000000000001,0.0
2003-04-01,0.25,0.20820083422346403,0.21133221033776767,0.46485522876043595,0.9330127018922194,0.2500000000000001,1.0
2003-05-01,0.25,0.3288463525228028,0.39814396393385126,0.4170603705233711,0.75,0.06698729810778065,0.0
2003-05-01,0.25,0.20820083422346403,0.21133221033776767,0.46485522876043595,0.75,0.06698729810778065,1.0
2003-06-01,0.25,0.3288463525228028,0.39814396393385126,0.4170603705233711,0.5000000000000001,0.0,0.0
2003-06-01,0.25,0.20820083422346403,0.21133221033776767,0.46485522876043595,0.5000000000000001,0.0,1.0
2003-07-01,0.25,0.3288463525228028,0.39814396393385126,0.4170603705233711,0.2500000000000001,0.06698729810778059,0.0
2003-07-01,0.25,0.20820083422346403,0.21133221033776767,0.46485522876043595,0.2500000000000001,0.06698729810778059,1.0
2003-08-01,0.25,0.3288463525228028,0.39814396393385126,0.4170603705233711,0.06698729810778081,0.24999999999999978,0.0
2003-08-01,0.25,0.20820083422346403,0.21133221033776767,0.46485522876043595,0.06698729810778081,0.24999999999999978,1.0
2003-09-01,0.25,0.3288463525228028,0.39814396393385126,0.4170603705233711,0.0,0.4999999999999999,0.0
2003-09-01,0.25,0.20820083422346403,0.21133221033776767,0.46485522876043595,0.0,0.4999999999999999,1.0
2003-10-01,0.25,0.3288463525228028,0.39814396393385126,0.4170603705233711,0.0669872981077807,0.75,0.0
2003-10-01,0.25,0.20820083422346403,0.21133221033776767,0.46485522876043595,0.0669872981077807,0.75,1.0
2003-11-01,0.25,0.3288463525228028,0.39814396393385126,0.4170603705233711,0.24999999999999978,0.9330127018922192,0.0
2003-11-01,0.25,0.20820083422346403,0.21133221033776767,0.46485522876043595,0.24999999999999978,0.9330127018922192,1.0
2003-12-01,0.25,0.3288463525228028,0.39814396393385126,0.4170603705233711,0.4999999999999999,1.0,0.0
2003-12-01,0.25,0.20820083422346403,0.21133221033776767,0.46485522876043595,0.4999999999999999,1.0,1.0
2004-01-01,0.2857142857142918,0.29104260739045135,0.319592074897201,0.4966102240400003,0.75,0.9330127018922194,0.0
2004-01-01,0.2857142857142918,0.20820083422346403,0.2085748972079301,0.5021407565034843,0.75,0.9330127018922194,1.0
2004-02-01,0.2857142857142918,0.29104260739045135,0.319592074897201,0.4966102240400003,0.9330127018922193,0.75,0.0
2004-02-01,0.2857142857142918,0.20820083422346403,0.2085748972079301,0.5021407565034843,0.9330127018922193,0.75,1.0
2004-03-01,0.2857142857142918,0.29104260739045135,0.319592074897201,0.4966102240400003,1.0,0.5,0.0
2004-03-01,0.2857142857142918,0.20820083422346403,0.2085748972079301,0.5021407565034843,1.0,0.5,1.0
2004-04-01,0.2857142857142918,0.29104260739045135,0.319592074897201,0.4966102240400003,0.9330127018922194,0.2500000000000001,0.0
2004-04-01,0.2857142857142918,0.20820083422346403,0.2085748972079301,0.5021407565034843,0.9330127018922194,0.2500000000000001,1.0
2004-05-01,0.2857142857142918,0.29104260739045135,0.319592074897201,0.4966102240400003,0.75,0.06698729810778065,0.0
2004-05-01,0.2857142857142918,0.20820083422346403,0.2085748972079301,0.5021407565034843,0.75,0.06698729810778065,1.0
2004-06-01,0.2857142857142918,0.29104260739045135,0.319592074897201,0.4966102240400003,0.5000000000000001,0.0,0.0
2004-06-01,0.2857142857142918,0.20820083422346403,0.2085748972079301,0.5021407565034843,0.5000000000000001,0.0,1.0
2004-07-01,0.2857142857142918,0.29104260739045135,0.319592074897201,0.4966102240400003,0.2500000000000001,0.06698729810778059,0.0
2004-07-01,0.2857142857142918,0.20820083422346403,0.2085748972079301,0.5021407565034843,0.2500000000000001,0.06698729810778059,1.0
2004-08-01,0.2857142857142918,0.29104260739045135,0.319592074897201,0.4966102240400003,0.06698729810778081,0.24999999999999978,0.0
2004-08-01,0.2857142857142918,0.20820083422346403,0.2085748972079301,0.5021407565034843,0.06698729810778081,0.24999999999999978,1.0
2004-09-01,0.2857142857142918,0.29104260739045135,0.319592074897201,0.4966102240400003,0.0,0.4999999999999999,0.0
2004-09-01,0.2857142857142918,0.20820083422346403,0.2085748972079301,0.5021407565034843,0.0,0.4999999999999999,1.0
2004-10-01,0.2857142857142918,0.29104260739045135,0.319592074897201,0.4966102240400003,0.0669872981077807,0.75,0.0
2004-10-01,0.2857142857142918,0.20820083422346403,0.2085748972079301,0.5021407565034843,0.0669872981077807,0.75,1.0
2004-11-01,0.2857142857142918,0.29104260739045135,0.319592074897201,0.4966102240400003,0.24999999999999978,0.9330127018922192,0.0
2004-11-01,0.2857142857142918,0.20820083422346403,0.2085748972079301,0.5021407565034843,0.24999999999999978,0.9330127018922192,1.0
2004-12-01,0.2857142857142918,0.29104260739045135,0.319592074897201,0.4966102240400003,0.4999999999999999,1.0,0.0
2004-12-01,0.2857142857142918,0.20820083422346403,0.2085748972079301,0.5021407565034843,0.4999999999999999,1.0,1.0
2005-01-01,0.3214285714285694,0.3829487150057341,0.3628965509569251,0.3346419089854702,0.75,0.9330127018922194,0.0
2005-01-01,0.3214285714285694,0.44841310404193313,0.3523582171719646,0.4623306047355018,0.75,0.9330127018922194,1.0
2005-02-01,0.3214285714285694,0.3829487150057341,0.3628965509569251,0.3346419089854702,0.9330127018922193,0.75,0.0
2005-02-01,0.3214285714285694,0.44841310404193313,0.3523582171719646,0.4623306047355018,0.9330127018922193,0.75,1.0
2005-03-01,0.3214285714285694,0.3829487150057341,0.3628965509569251,0.3346419089854702,1.0,0.5,0.0
2005-03-01,0.3214285714285694,0.44841310404193313,0.3523582171719646,0.4623306047355018,1.0,0.5,1.0
2005-04-01,0.3214285714285694,0.3829487150057341,0.3628965509569251,0.3346419089854702,0.9330127018922194,0.2500000000000001,0.0
2005-04-01,0.3214285714285694,0.44841310404193313,0.3523582171719646,0.4623306047355018,0.9330127018922194,0.2500000000000001,1.0
2005-05-01,0.3214285714285694,0.3829487150057341,0.3628965509569251,0.3346419089854702,0.75,0.06698729810778065,0.0
2005-05-01,0.3214285714285694,0.44841310404193313,0.3523582171719646,0.4623306047355018,0.75,0.06698729810778065,1.0
2005-06-01,0.3214285714285694,0.3829487150057341,0.3628965509569251,0.3346419089854702,0.5000000000000001,0.0,0.0
2005-06-01,0.3214285714285694,0.44841310404193313,0.3523582171719646,0.4623306047355018,0.5000000000000001,0.0,1.0
2005-07-01,0.3214285714285694,0.3829487150057341,0.3628965509569251,0.3346419089854702,0.2500000000000001,0.06698729810778059,0.0
2005-07-01,0.3214285714285694,0.44841310404193313,0.3523582171719646,0.4623306047355018,0.2500000000000001,0.06698729810778059,1.0
2005-08-01,0.3214285714285694,0.3829487150057341,0.3628965509569251,0.3346419089854702,0.06698729810778081,0.24999999999999978,0.0
2005-08-01,0.3214285714285694,0.44841310404193313,0.3523582171719646,0.4623306047355018,0.06698729810778081,0.24999999999999978,1.0
2005-09-01,0.3214285714285694,0.3829487150057341,0.3628965509569251,0.3346419089854702,0.0,0.4999999999999999,0.0
2005-09-01,0.3214285714285694,0.44841310404193313,0.3523582171719646,0.4623306047355018,0.0,0.4999999999999999,1.0
2005-10-01,0.3214285714285694,0.3829487150057341,0.3628965509569251,0.3346419089854702,0.0669872981077807,0.75,0.0
2005-10-01,0.3214285714285694,0.44841310404193313,0.3523582171719646,0.4623306047355018,0.0669872981077807,0.75,1.0
2005-11-01,0.3214285714285694,0.3829487150057341,0.3628965509569251,0.3346419089854702,0.24999999999999978,0.9330127018922192,0.0
2005-11-01,0.3214285714285694,0.44841310404193313,0.3523582171719646,0.4623306047355018,0.24999999999999978,0.9330127018922192,1.0
2005-12-01,0.3214285714285694,0.3829487150057341,0.3628965509569251,0.3346419089854702,0.4999999999999999,1.0,0.0
2005-12-01,0.3214285714285694,0.44841310404193313,0.3523582171719646,0.4623306047355018,0.4999999999999999,1.0,1.0
2006-01-01,0.3571428571428612,0.393918912672792,0.36728746227281817,0.19326884858336302,0.75,0.9330127018922194,0.0
2006-01-01,0.3571428571428612,0.48937199899633943,0.37141843149424153,0.6316175825388466,0.75,0.9330127018922194,1.0
2006-02-01,0.3571428571428612,0.393918912672792,0.36728746227281817,0.19326884858336302,0.9330127018922193,0.75,0.0
2006-02-01,0.3571428571428612,0.48937199899633943,0.37141843149424153,0.6316175825388466,0.9330127018922193,0.75,1.0
2006-03-01,0.3571428571428612,0.393918912672792,0.36728746227281817,0.19326884858336302,1.0,0.5,0.0
2006-03-01,0.3571428571428612,0.48937199899633943,0.37141843149424153,0.6316175825388466,1.0,0.5,1.0
2006-04-01,0.3571428571428612,0.393918912672792,0.36728746227281817,0.19326884858336302,0.9330127018922194,0.2500000000000001,0.0
2006-04-01,0.3571428571428612,0.48937199899633943,0.37141843149424153,0.6316175825388466,0.9330127018922194,0.2500000000000001,1.0
2006-05-01,0.3571428571428612,0.393918912672792,0.36728746227281817,0.19326884858336302,0.75,0.06698729810778065,0.0
2006-05-01,0.3571428571428612,0.48937199899633943,0.37141843149424153,0.6316175825388466,0.75,0.06698729810778065,1.0
2006-06-01,0.3571428571428612,0.393918912672792,0.36728746227281817,0.19326884858336302,0.5000000000000001,0.0,0.0
2006-06-01,0.3571428571428612,0.48937199899633943,0.37141843149424153,0.6316175825388466,0.5000000000000001,0.0,1.0
2006-07-01,0.3571428571428612,0.393918912672792,0.36728746227281817,0.19326884858336302,0.2500000000000001,0.06698729810778059,0.0
2006-07-01,0.3571428571428612,0.48937199899633943,0.37141843149424153,0.6316175825388466,0.2500000000000001,0.06698729810778059,1.0
2006-08-01,0.3571428571428612,0.393918912672792,0.36728746227281817,0.19326884858336302,0.06698729810778081,0.24999999999999978,0.0
2006-08-01,0.3571428571428612,0.48937199899633943,0.37141843149424153,0.6316175825388466,0.06698729810778081,0.24999999999999978,1.0
2006-09-01,0.3571428571428612,0.393918912672792,0.36728746227281817,0.19326884858336302,0.0,0.4999999999999999,0.0
2006-09-01,0.3571428571428612,0.48937199899633943,0.37141843149424153,0.6316175825388466,0.0,0.4999999999999999,1.0
2006-10-01,0.3571428571428612,0.393918912672792,0.36728746227281817,0.19326884858336302,0.0669872981077807,0.75,0.0
2006-10-01,0.3571428571428612,0.48937199899633943,0.37141843149424153,0.6316175825388466,0.0669872981077807,0.75,1.0
2006-11-01,0.3571428571428612,0.393918912672792,0.36728746227281817,0.19326884858336302,0.24999999999999978,0.9330127018922192,0.0
2006-11-01,0.3571428571428612,0.48937199899633943,0.37141843149424153,0.6316175825388466,0.24999999999999978,0.9330127018922192,1.0
2006-12-01,0.3571428571428612,0.393918912672792,0.36728746227281817,0.19326884858336302,0.4999999999999999,1.0,0.0
2006-12-01,0.3571428571428612,0.48937199899633943,0.37141843149424153,0.6316175825388466,0.4999999999999999,1.0,1.0
2007-01-01,0.392857142857153,0.44465048967396414,0.413728073676062,0.24946557769750988,0.75,0.9330127018922194,0.0
2007-01-01,0.392857142857153,0.578687719827086,0.45058816693257925,1.0,0.75,0.9330127018922194,1.0
2007-02-01,0.392857142857153,0.44465048967396414,0.413728073676062,0.24946557769750988,0.9330127018922193,0.75,0.0
2007-02-01,0.392857142857153,0.578687719827086,0.45058816693257925,1.0,0.9330127018922193,0.75,1.0
2007-03-01,0.392857142857153,0.44465048967396414,0.413728073676062,0.24946557769750988,1.0,0.5,0.0
2007-03-01,0.392857142857153,0.578687719827086,0.45058816693257925,1.0,1.0,0.5,1.0
2007-04-01,0.392857142857153,0.44465048967396414,0.413728073676062,0.24946557769750988,0.9330127018922194,0.2500000000000001,0.0
2007-04-01,0.392857142857153,0.578687719827086,0.45058816693257925,1.0,0.9330127018922194,0.2500000000000001,1.0
2007-05-01,0.392857142857153,0.44465048967396414,0.413728073676062,0.24946557769750988,0.75,0.06698729810778065,0.0
2007-05-01,0.392857142857153,0.578687719827086,0.45058816693257925,1.0,0.75,0.06698729810778065,1.0
2007-06-01,0.392857142857153,0.44465048967396414,0.413728073676062,0.24946557769750988,0.5000000000000001,0.0,0.0
2007-06-01,0.392857142857153,0.578687719827086,0.45058816693257925,1.0,0.5000000000000001,0.0,1.0
2007-07-01,0.392857142857153,0.44465048967396414,0.413728073676062,0.24946557769750988,0.2500000000000001,0.06698729810778059,0.0
2007-07-01,0.392857142857153,0.578687719827086,0.45058816693257925,1.0,0.2500000000000001,0.06698729810778059,1.0
2007-08-01,0.392857142857153,0.44465048967396414,0.413728073676062,0.24946557769750988,0.06698729810778081,0.24999999999999978,0.0
2007-08-01,0.392857142857153,0.578687719827086,0.45058816693257925,1.0,0.06698729810778081,0.24999999999999978,1.0
2007-09-01,0.392857142857153,0.44465048967396414,0.413728073676062,0.24946557769750988,0.0,0.4999999999999999,0.0
2007-09-01,0.392857142857153,0.578687719827086,0.45058816693257925,1.0,0.0,0.4999999999999999,1.0
2007-10-01,0.392857142857153,0.44465048967396414,0.413728073676062,0.24946557769750988,0.0669872981077807,0.75,0.0
2007-10-01,0.392857142857153,0.578687719827086,0.45058816693257925,1.0,0.0669872981077807,0.75,1.0
2007-11-01,0.392857142857153,0.44465048967396414,0.413728073676062,0.24946557769750988,0.24999999999999978,0.9330127018922192,0.0
2007-11-01,0.392857142857153,0.578687719827086,0.45058816693257925,1.0,0.24999999999999978,0.9330127018922192,1.0
2007-12-01,0.392857142857153,0.44465048967396414,0.413728073676062,0.24946557769750988,0.4999999999999999,1.0,0.0
2007-12-01,0.392857142857153,0.578687719827086,0.45058816693257925,1.0,0.4999999999999999,1.0,1.0
2008-01-01,0.4285714285714306,0.4658057524479187,0.41893512516649334,0.4711001353168227,0.75,0.9330127018922194,0.0
2008-01-01,0.4285714285714306,0.5756847812265419,0.5193863674913739,0.5728755841092457,0.75,0.9330127018922194,1.0
2008-02-01,0.4285714285714306,0.4658057524479187,0.41893512516649334,0.4711001353168227,0.9330127018922193,0.75,0.0
2008-02-01,0.4285714285714306,0.5756847812265419,0.5193863674913739,0.5728755841092457,0.9330127018922193,0.75,1.0
2008-03-01,0.4285714285714306,0.4658057524479187,0.41893512516649334,0.4711001353168227,1.0,0.5,0.0
2008-03-01,0.4285714285714306,0.5756847812265419,0.5193863674913739,0.5728755841092457,1.0,0.5,1.0
2008-04-01,0.4285714285714306,0.4658057524479187,0.41893512516649334,0.4711001353168227,0.9330127018922194,0.2500000000000001,0.0
2008-04-01,0.4285714285714306,0.5756847812265419,0.5193863674913739,0.5728755841092457,0.9330127018922194,0.2500000000000001,1.0
2008-05-01,0.4285714285714306,0.4658057524479187,0.41893512516649334,0.4711001353168227,0.75,0.06698729810778065,0.0
2008-05-01,0.4285714285714306,0.5756847812265419,0.5193863674913739,0.5728755841092457,0.75,0.06698729810778065,1.0
2008-06-01,0.4285714285714306,0.4658057524479187,0.41893512516649334,0.4711001353168227,0.5000000000000001,0.0,0.0
2008-06-01,0.4285714285714306,0.5756847812265419,0.5193863674913739,0.5728755841092457,0.5000000000000001,0.0,1.0
2008-07-01,0.4285714285714306,0.4658057524479187,0.41893512516649334,0.4711001353168227,0.2500000000000001,0.06698729810778059,0.0
2008-07-01,0.4285714285714306,0.5756847812265419,0.5193863674913739,0.5728755841092457,0.2500000000000001,0.06698729810778059,1.0
2008-08-01,0.4285714285714306,0.4658057524479187,0.41893512516649334,0.4711001353168227,0.06698729810778081,0.24999999999999978,0.0
2008-08-01,0.4285714285714306,0.5756847812265419,0.5193863674913739,0.5728755841092457,0.06698729810778081,0.24999999999999978,1.0
2008-09-01,0.4285714285714306,0.4658057524479187,0.41893512516649334,0.4711001353168227,0.0,0.4999999999999999,0.0
2008-09-01,0.4285714285714306,0.5756847812265419,0.5193863674913739,0.5728755841092457,0.0,0.4999999999999999,1.0
2008-10-01,0.4285714285714306,0.4658057524479187,0.41893512516649334,0.4711001353168227,0.0669872981077807,0.75,0.0
2008-10-01,0.4285714285714306,0.5756847812265419,0.5193863674913739,0.5728755841092457,0.0669872981077807,0.75,1.0
2008-11-01,0.4285714285714306,0.4658057524479187,0.41893512516649334,0.4711001353168227,0.24999999999999978,0.9330127018922192,0.0
2008-11-01,0.4285714285714306,0.5756847812265419,0.5193863674913739,0.5728755841092457,0.24999999999999978,0.9330127018922192,1.0
2008-12-01,0.4285714285714306,0.4658057524479187,0.41893512516649334,0.4711001353168227,0.4999999999999999,1.0,0.0
2008-12-01,0.4285714285714306,0.5756847812265419,0.5193863674913739,0.5728755841092457,0.4999999999999999,1.0,1.0
2009-01-01,0.4642857142857224,0.6344104716100954,0.48513741098749974,0.6261970965933397,0.75,0.9330127018922194,0.0
2009-01-01,0.4642857142857224,0.8526001980374418,0.6620078832816408,0.20502565257073757,0.75,0.9330127018922194,1.0
2009-02-01,0.4642857142857224,0.6344104716100954,0.48513741098749974,0.6261970965933397,0.9330127018922193,0.75,0.0
2009-02-01,0.4642857142857224,0.8526001980374418,0.6620078832816408,0.20502565257073757,0.9330127018922193,0.75,1.0
2009-03-01,0.4642857142857224,0.6344104716100954,0.48513741098749974,0.6261970965933397,1.0,0.5,0.0
2009-03-01,0.4642857142857224,0.8526001980374418,0.6620078832816408,0.20502565257073757,1.0,0.5,1.0
2009-04-01,0.4642857142857224,0.6344104716100954,0.48513741098749974,0.6261970965933397,0.9330127018922194,0.2500000000000001,0.0
2009-04-01,0.4642857142857224,0.8526001980374418,0.6620078832816408,0.20502565257073757,0.9330127018922194,0.2500000000000001,1.0
2009-05-01,0.4642857142857224,0.6344104716100954,0.48513741098749974,0.6261970965933397,0.75,0.06698729810778065,0.0
2009-05-01,0.4642857142857224,0.8526001980374418,0.6620078832816408,0.20502565257073757,0.75,0.06698729810778065,1.0
2009-06-01,0.4642857142857224,0.6344104716100954,0.48513741098749974,0.6261970965933397,0.5000000000000001,0.0,0.0
2009-06-01,0.4642857142857224,0.8526001980374418,0.6620078832816408,0.20502565257073757,0.5000000000000001,0.0,1.0
2009-07-01,0.4642857142857224,0.6344104716100954,0.48513741098749974,0.6261970965933397,0.2500000000000001,0.06698729810778059,0.0
2009-07-01,0.4642857142857224,0.8526001980374418,0.6620078832816408,0.20502565257073757,0.2500000000000001,0.06698729810778059,1.0
2009-08-01,0.4642857142857224,0.6344104716100954,0.48513741098749974,0.6261970965933397,0.06698729810778081,0.24999999999999978,0.0
2009-08-01,0.4642857142857224,0.8526001980374418,0.6620078832816408,0.20502565257073757,0.06698729810778081,0.24999999999999978,1.0
2009-09-01,0.4642857142857224,0.6344104716100954,0.48513741098749974,0.6261970965933397,0.0,0.4999999999999999,0.0
2009-09-01,0.4642857142857224,0.8526001980374418,0.6620078832816408,0.20502565257073757,0.0,0.4999999999999999,1.0
2009-10-01,0.4642857142857224,0.6344104716100954,0.48513741098749974,0.6261970965933397,0.0669872981077807,0.75,0.0
2009-10-01,0.4642857142857224,0.8526001980374418,0.6620078832816408,0.20502565257073757,0.0669872981077807,0.75,1.0
2009-11-01,0.4642857142857224,0.6344104716100954,0.48513741098749974,0.6261970965933397,0.24999999999999978,0.9330127018922192,0.0
2009-11-01,0.4642857142857224,0.8526001980374418,0.6620078832816408,0.20502565257073757,0.24999999999999978,0.9330127018922192,1.0
2009-12-01,0.4642857142857224,0.6344104716100954,0.48513741098749974,0.6261970965933397,0.4999999999999999,1.0,0.0
2009-12-01,0.4642857142857224,0.8526001980374418,0.6620078832816408,0.20502565257073757,0.4999999999999999,1.0,1.0
2010-01-01,0.5,0.7901921230832216,0.5655133545145326,0.7074903301414333,0.75,0.9330127018922194,0.0
2010-01-01,0.5,0.9810279616611605,0.9056870272074953,0.12586667719871047,0.75,0.9330127018922194,1.0
2010-02-01,0.5,0.7901921230832216,0.5655133545145326,0.7074903301414333,0.9330127018922193,0.75,0.0
2010-02-01,0.5,0.9810279616611605,0.9056870272074953,0.12586667719871047,0.9330127018922193,0.75,1.0
2010-03-01,0.5,0.7901921230832216,0.5655133545145326,0.7074903301414333,1.0,0.5,0.0
2010-03-01,0.5,0.9810279616611605,0.9056870272074953,0.12586667719871047,1.0,0.5,1.0
2010-04-01,0.5,0.7901921230832216,0.5655133545145326,0.7074903301414333,0.9330127018922194,0.2500000000000001,0.0
2010-04-01,0.5,0.9810279616611605,0.9056870272074953,0.12586667719871047,0.9330127018922194,0.2500000000000001,1.0
2010-05-01,0.5,0.7901921230832216,0.5655133545145326,0.7074903301414333,0.75,0.06698729810778065,0.0
2010-05-01,0.5,0.9810279616611605,0.9056870272074953,0.12586667719871047,0.75,0.06698729810778065,1.0
2010-06-01,0.5,0.7901921230832216,0.5655133545145326,0.7074903301414333,0.5000000000000001,0.0,0.0
2010-06-01,0.5,0.9810279616611605,0.9056870272074953,0.12586667719871047,0.5000000000000001,0.0,1.0
2010-07-01,0.5,0.7901921230832216,0.5655133545145326,0.7074903301414333,0.2500000000000001,0.06698729810778059,0.0
2010-07-01,0.5,0.9810279616611605,0.9056870272074953,0.12586667719871047,0.2500000000000001,0.06698729810778059,1.0
2010-08-01,0.5,0.7901921230832216,0.5655133545145326,0.7074903301414333,0.06698729810778081,0.24999999999999978,0.0
2010-08-01,0.5,0.9810279616611605,0.9056870272074953,0.12586667719871047,0.06698729810778081,0.24999999999999978,1.0
2010-09-01,0.5,0.7901921230832216,0.5655133545145326,0.7074903301414333,0.0,0.4999999999999999,0.0
2010-09-01,0.5,0.9810279616611605,0.9056870272074953,0.12586667719871047,0.0,0.4999999999999999,1.0
2010-10-01,0.5,0.7901921230832216,0.5655133545145326,0.7074903301414333,0.0669872981077807,0.75,0.0
2010-10-01,0.5,0.9810279616611605,0.9056870272074953,0.12586667719871047,0.0669872981077807,0.75,1.0
2010-11-01,0.5,0.7901921230832216,0.5655133545145326,0.7074903301414333,0.24999999999999978,0.9330127018922192,0.0
2010-11-01,0.5,0.9810279616611605,0.9056870272074953,0.12586667719871047,0.24999999999999978,0.9330127018922192,1.0
2010-12-01,0.5,0.7901921230832216,0.5655133545145326,0.7074903301414333,0.4999999999999999,1.0,0.0
2010-12-01,0.5,0.9810279616611605,0.9056870272074953,0.12586667719871047,0.4999999999999999,1.0,1.0
2011-01-01,0.5357142857142918,0.9567154225395151,0.753232499690708,0.4579206557304556,0.75,0.9330127018922194,0.0
2011-01-01,0.5357142857142918,1.0,0.9613751903894165,0.0,0.75,0.9330127018922194,1.0
2011-02-01,0.5357142857142918,0.9567154225395151,0.753232499690708,0.4579206557304556,0.9330127018922193,0.75,0.0
2011-02-01,0.5357142857142918,1.0,0.9613751903894165,0.0,0.9330127018922193,0.75,1.0
2011-03-01,0.5357142857142918,0.9567154225395151,0.753232499690708,0.4579206557304556,1.0,0.5,0.0
2011-03-01,0.5357142857142918,1.0,0.9613751903894165,0.0,1.0,0.5,1.0
2011-04-01,0.5357142857142918,0.9567154225395151,0.753232499690708,0.4579206557304556,0.9330127018922194,0.2500000000000001,0.0
2011-04-01,0.5357142857142918,1.0,0.9613751903894165,0.0,0.9330127018922194,0.2500000000000001,1.0
2011-05-01,0.5357142857142918,0.9567154225395151,0.753232499690708,0.4579206557304556,0.75,0.06698729810778065,0.0
2011-05-01,0.5357142857142918,1.0,0.9613751903894165,0.0,0.75,0.06698729810778065,1.0
2011-06-01,0.5357142857142918,0.9567154225395151,0.753232499690708,0.4579206557304556,0.5000000000000001,0.0,0.0
2011-06-01,0.5357142857142918,1.0,0.9613751903894165,0.0,0.5000000000000001,0.0,1.0
2011-07-01,0.5357142857142918,0.9567154225395151,0.753232499690708,0.4579206557304556,0.2500000000000001,0.06698729810778059,0.0
2011-07-01,0.5357142857142918,1.0,0.9613751903894165,0.0,0.2500000000000001,0.06698729810778059,1.0
2011-08-01,0.5357142857142918,0.9567154225395151,0.753232499690708,0.4579206557304556,0.06698729810778081,0.24999999999999978,0.0
2011-08-01,0.5357142857142918,1.0,0.9613751903894165,0.0,0.06698729810778081,0.24999999999999978,1.0
2011-09-01,0.5357142857142918,0.9567154225395151,0.753232499690708,0.4579206557304556,0.0,0.4999999999999999,0.0
2011-09-01,0.5357142857142918,1.0,0.9613751903894165,0.0,0.0,0.4999999999999999,1.0
2011-10-01,0.5357142857142918,0.9567154225395151,0.753232499690708,0.4579206557304556,0.0669872981077807,0.75,0.0
2011-10-01,0.5357142857142918,1.0,0.9613751903894165,0.0,0.0669872981077807,0.75,1.0
2011-11-01,0.5357142857142918,0.9567154225395151,0.753232499690708,0.4579206557304556,0.24999999999999978,0.9330127018922192,0.0
2011-11-01,0.5357142857142918,1.0,0.9613751903894165,0.0,0.24999999999999978,0.9330127018922192,1.0
2011-12-01,0.5357142857142918,0.9567154225395151,0.753232499690708,0.4579206557304556,0.4999999999999999,1.0,0.0
2011-12-01,0.5357142857142918,1.0,0.9613751903894165,0.0,0.4999999999999999,1.0,1.0
2012-01-01,0.5714285714285694,0.9816953321347919,0.7928276429186139,0.22701158929822562,0.75,0.9330127018922194,0.0
2012-01-01,0.5714285714285694,0.9869372218682593,0.9229025405279063,0.2722993912617333,0.75,0.9330127018922194,1.0
2012-02-01,0.5714285714285694,0.9816953321347919,0.7928276429186139,0.22701158929822562,0.9330127018922193,0.75,0.0
2012-02-01,0.5714285714285694,0.9869372218682593,0.9229025405279063,0.2722993912617333,0.9330127018922193,0.75,1.0
2012-03-01,0.5714285714285694,0.9816953321347919,0.7928276429186139,0.22701158929822562,1.0,0.5,0.0
2012-03-01,0.5714285714285694,0.9869372218682593,0.9229025405279063,0.2722993912617333,1.0,0.5,1.0
2012-04-01,0.5714285714285694,0.9816953321347919,0.7928276429186139,0.22701158929822562,0.9330127018922194,0.2500000000000001,0.0
2012-04-01,0.5714285714285694,0.9869372218682593,0.9229025405279063,0.2722993912617333,0.9330127018922194,0.2500000000000001,1.0
2012-05-01,0.5714285714285694,0.9816953321347919,0.7928276429186139,0.22701158929822562,0.75,0.06698729810778065,0.0
2012-05-01,0.5714285714285694,0.9869372218682593,0.9229025405279063,0.2722993912617333,0.75,0.06698729810778065,1.0
2012-06-01,0.5714285714285694,0.9816953321347919,0.7928276429186139,0.22701158929822562,0.5000000000000001,0.0,0.0
2012-06-01,0.5714285714285694,0.9869372218682593,0.9229025405279063,0.2722993912617333,0.5000000000000001,0.0,1.0
2012-07-01,0.5714285714285694,0.9816953321347919,0.7928276429186139,0.22701158929822562,0.2500000000000001,0.06698729810778059,0.0
2012-07-01,0.5714285714285694,0.9869372218682593,0.9229025405279063,0.2722993912617333,0.2500000000000001,0.06698729810778059,1.0
2012-08-01,0.5714285714285694,0.9816953321347919,0.7928276429186139,0.22701158929822562,0.06698729810778081,0.24999999999999978,0.0
2012-08-01,0.5714285714285694,0.9869372218682593,0.9229025405279063,0.2722993912617333,0.06698729810778081,0.24999999999999978,1.0
2012-09-01,0.5714285714285694,0.9816953321347919,0.7928276429186139,0.22701158929822562,0.0,0.4999999999999999,0.0
2012-09-01,0.5714285714285694,0.9869372218682593,0.9229025405279063,0.2722993912617333,0.0,0.4999999999999999,1.0
2012-10-01,0.5714285714285694,0.9816953321347919,0.7928276429186139,0.22701158929822562,0.0669872981077807,0.75,0.0
2012-10-01,0.5714285714285694,0.9869372218682593,0.9229025405279063,0.2722993912617333,0.0669872981077807,0.75,1.0
2012-11-01,0.5714285714285694,0.9816953321347919,0.7928276429186139,0.22701158929822562,0.24999999999999978,0.9330127018922192,0.0
2012-11-01,0.5714285714285694,0.9869372218682593,0.9229025405279063,0.2722993912617333,0.24999999999999978,0.9330127018922192,1.0
2012-12-01,0.5714285714285694,0.9816953321347919,0.7928276429186139,0.22701158929822562,0.4999999999999999,1.0,0.0
2012-12-01,0.5714285714285694,0.9869372218682593,0.9229025405279063,0.2722993912617333,0.4999999999999999,1.0,1.0
2013-01-01,0.6071428571428612,0.799723335878538,0.7732305650871966,0.49337242421494,0.75,0.9330127018922194,1.0
2013-02-01,0.6071428571428612,0.799723335878538,0.7732305650871966,0.49337242421494,0.9330127018922193,0.75,1.0
2013-03-01,0.6071428571428612,0.799723335878538,0.7732305650871966,0.49337242421494,1.0,0.5,1.0
2013-04-01,0.6071428571428612,0.799723335878538,0.7732305650871966,0.49337242421494,0.9330127018922194,0.2500000000000001,1.0
2013-05-01,0.6071428571428612,0.799723335878538,0.7732305650871966,0.49337242421494,0.75,0.06698729810778065,1.0
2013-06-01,0.6071428571428612,0.799723335878538,0.7732305650871966,0.49337242421494,0.5000000000000001,0.0,1.0
2013-07-01,0.6071428571428612,0.799723335878538,0.7732305650871966,0.49337242421494,0.2500000000000001,0.06698729810778059,1.0
2013-08-01,0.6071428571428612,0.799723335878538,0.7732305650871966,0.49337242421494,0.06698729810778081,0.24999999999999978,1.0
2013-09-01,0.6071428571428612,0.799723335878538,0.7732305650871966,0.49337242421494,0.0,0.4999999999999999,1.0
2013-10-01,0.6071428571428612,0.799723335878538,0.7732305650871966,0.49337242421494,0.0669872981077807,0.75,1.0
2013-11-01,0.6071428571428612,0.799723335878538,0.7732305650871966,0.49337242421494,0.24999999999999978,0.9330127018922192,1.0
2013-12-01,0.6071428571428612,0.799723335878538,0.7732305650871966,0.49337242421494,0.4999999999999999,1.0,1.0
2014-01-01,0.642857142857153,0.8425167784612371,0.8254971008880712,0.38690488647336796,0.75,0.9330127018922194,1.0
2014-02-01,0.642857142857153,0.8425167784612371,0.8254971008880712,0.38690488647336796,0.9330127018922193,0.75,1.0
2014-03-01,0.642857142857153,0.8425167784612371,0.8254971008880712,0.38690488647336796,1.0,0.5,1.0
2014-04-01,0.642857142857153,0.8425167784612371,0.8254971008880712,0.38690488647336796,0.9330127018922194,0.2500000000000001,1.0
2014-05-01,0.642857142857153,0.8425167784612371,0.8254971008880712,0.38690488647336796,0.75,0.06698729810778065,1.0
2014-06-01,0.642857142857153,0.8425167784612371,0.8254971008880712,0.38690488647336796,0.5000000000000001,0.0,1.0
2014-07-01,0.642857142857153,0.8425167784612371,0.8254971008880712,0.38690488647336796,0.2500000000000001,0.06698729810778059,1.0
2014-08-01,0.642857142857153,0.8425167784612371,0.8254971008880712,0.38690488647336796,0.06698729810778081,0.24999999999999978,1.0
2014-09-01,0.642857142857153,0.8425167784612371,0.8254971008880712,0.38690488647336796,0.0,0.4999999999999999,1.0
2014-10-01,0.642857142857153,0.8425167784612371,0.8254971008880712,0.38690488647336796,0.0669872981077807,0.75,1.0
2014-11-01,0.642857142857153,0.8425167784612371,0.8254971008880712,0.38690488647336796,0.24999999999999978,0.9330127018922192,1.0
2014-12-01,0.642857142857153,0.8425167784612371,0.8254971008880712,0.38690488647336796,0.4999999999999999,1.0,1.0
2015-01-01,0.6785714285714306,0.9381040683412627,0.9194331193458625,0.3270869662946443,0.75,0.9330127018922194,1.0
2015-02-01,0.6785714285714306,0.9381040683412627,0.9194331193458625,0.3270869662946443,0.9330127018922193,0.75,1.0
2015-03-01,0.6785714285714306,0.9381040683412627,0.9194331193458625,0.3270869662946443,1.0,0.5,1.0
2015-04-01,0.6785714285714306,0.9381040683412627,0.9194331193458625,0.3270869662946443,0.9330127018922194,0.2500000000000001,1.0
2015-05-01,0.6785714285714306,0.9381040683412627,0.9194331193458625,0.3270869662946443,0.75,0.06698729810778065,1.0
2015-06-01,0.6785714285714306,0.9381040683412627,0.9194331193458625,0.3270869662946443,0.5000000000000001,0.0,1.0
2015-07-01,0.6785714285714306,0.9381040683412627,0.9194331193458625,0.3270869662946443,0.2500000000000001,0.06698729810778059,1.0
2015-08-01,0.6785714285714306,0.9381040683412627,0.9194331193458625,0.3270869662946443,0.06698729810778081,0.24999999999999978,1.0
2015-09-01,0.6785714285714306,0.9381040683412627,0.9194331193458625,0.3270869662946443,0.0,0.4999999999999999,1.0
2015-10-01,0.6785714285714306,0.9381040683412627,0.9194331193458625,0.3270869662946443,0.0669872981077807,0.75,1.0
2015-11-01,0.6785714285714306,0.9381040683412627,0.9194331193458625,0.3270869662946443,0.24999999999999978,0.9330127018922192,1.0
2015-12-01,0.6785714285714306,0.9381040683412627,0.9194331193458625,0.3270869662946443,0.4999999999999999,1.0,1.0
2016-01-01,0.7142857142857224,0.8462252291922643,0.8470394146408708,0.6484106303152599,0.75,0.9330127018922194,1.0
2016-02-01,0.7142857142857224,0.8462252291922643,0.8470394146408708,0.6484106303152599,0.9330127018922193,0.75,1.0
2016-03-01,0.7142857142857224,0.8462252291922643,0.8470394146408708,0.6484106303152599,1.0,0.5,1.0
2016-04-01,0.7142857142857224,0.8462252291922643,0.8470394146408708,0.6484106303152599,0.9330127018922194,0.2500000000000001,1.0
2016-05-01,0.7142857142857224,0.8462252291922643,0.8470394146408708,0.6484106303152599,0.75,0.06698729810778065,1.0
2016-06-01,0.7142857142857224,0.8462252291922643,0.8470394146408708,0.6484106303152599,0.5000000000000001,0.0,1.0
2016-07-01,0.7142857142857224,0.8462252291922643,0.8470394146408708,0.6484106303152599,0.2500000000000001,0.06698729810778059,1.0
2016-08-01,0.7142857142857224,0.8462252291922643,0.8470394146408708,0.6484106303152599,0.06698729810778081,0.24999999999999978,1.0
2016-09-01,0.7142857142857224,0.8462252291922643,0.8470394146408708,0.6484106303152599,0.0,0.4999999999999999,1.0
2016-10-01,0.7142857142857224,0.8462252291922643,0.8470394146408708,0.6484106303152599,0.0669872981077807,0.75,1.0
2016-11-01,0.7142857142857224,0.8462252291922643,0.8470394146408708,0.6484106303152599,0.24999999999999978,0.9330127018922192,1.0
2016-12-01,0.7142857142857224,0.8462252291922643,0.8470394146408708,0.6484106303152599,0.4999999999999999,1.0,1.0
2017-01-01,0.75,0.8573480013444719,0.8414734651725375,0.7456058495141253,0.75,0.9330127018922194,1.0
2017-02-01,0.75,0.8573480013444719,0.8414734651725375,0.7456058495141253,0.9330127018922193,0.75,1.0
2017-03-01,0.75,0.8573480013444719,0.8414734651725375,0.7456058495141253,1.0,0.5,1.0
2017-04-01,0.75,0.8573480013444719,0.8414734651725375,0.7456058495141253,0.9330127018922194,0.2500000000000001,1.0
2017-05-01,0.75,0.8573480013444719,0.8414734651725375,0.7456058495141253,0.75,0.06698729810778065,1.0
2017-06-01,0.75,0.8573480013444719,0.8414734651725375,0.7456058495141253,0.5000000000000001,0.0,1.0
2017-07-01,0.75,0.8573480013444719,0.8414734651725375,0.7456058495141253,0.2500000000000001,0.06698729810778059,1.0
2017-08-01,0.75,0.8573480013444719,0.8414734651725375,0.7456058495141253,0.06698729810778081,0.24999999999999978,1.0
2017-09-01,0.75,0.8573480013444719,0.8414734651725375,0.7456058495141253,0.0,0.4999999999999999,1.0
2017-10-01,0.75,0.8573480013444719,0.8414734651725375,0.7456058495141253,0.0669872981077807,0.75,1.0
2017-11-01,0.75,0.8573480013444719,0.8414734651725375,0.7456058495141253,0.24999999999999978,0.9330127018922192,1.0
2017-12-01,0.75,0.8573480013444719,0.8414734651725375,0.7456058495141253,0.4999999999999999,1.0,1.0
2018-01-01,0.7857142857142918,0.9368571879591531,0.8583274123413265,0.586578043254903,0.75,0.9330127018922194,1.0
2018-02-01,0.7857142857142918,0.9368571879591531,0.8583274123413265,0.586578043254903,0.9330127018922193,0.75,1.0
2018-03-01,0.7857142857142918,0.9368571879591531,0.8583274123413265,0.586578043254903,1.0,0.5,1.0
2018-04-01,0.7857142857142918,0.9368571879591531,0.8583274123413265,0.586578043254903,0.9330127018922194,0.2500000000000001,1.0
2018-05-01,0.7857142857142918,0.9368571879591531,0.8583274123413265,0.586578043254903,0.75,0.06698729810778065,1.0
2018-06-01,0.7857142857142918,0.9368571879591531,0.8583274123413265,0.586578043254903,0.5000000000000001,0.0,1.0
2018-07-01,0.7857142857142918,0.9368571879591531,0.8583274123413265,0.586578043254903,0.2500000000000001,0.06698729810778059,1.0
2018-08-01,0.7857142857142918,0.9368571879591531,0.8583274123413265,0.586578043254903,0.06698729810778081,0.24999999999999978,1.0
2018-09-01,0.7857142857142918,0.9368571879591531,0.8583274123413265,0.586578043254903,0.0,0.4999999999999999,1.0
2018-10-01,0.7857142857142918,0.9368571879591531,0.8583274123413265,0.586578043254903,0.0669872981077807,0.75,1.0
2018-11-01,0.7857142857142918,0.9368571879591531,0.8583274123413265,0.586578043254903,0.24999999999999978,0.9330127018922192,1.0
2018-12-01,0.7857142857142918,0.9368571879591531,0.8583274123413265,0.586578043254903,0.4999999999999999,1.0,1.0
2019-01-01,0.8214285714285694,0.9369424913360871,0.8776405958003259,0.6993216858505777,0.75,0.9330127018922194,1.0
2019-02-01,0.8214285714285694,0.9369424913360871,0.8776405958003259,0.6993216858505777,0.9330127018922193,0.75,1.0
2019-03-01,0.8214285714285694,0.9369424913360871,0.8776405958003259,0.6993216858505777,1.0,0.5,1.0
2019-04-01,0.8214285714285694,0.9369424913360871,0.8776405958003259,0.6993216858505777,0.9330127018922194,0.2500000000000001,1.0
2019-05-01,0.8214285714285694,0.9369424913360871,0.8776405958003259,0.6993216858505777,0.75,0.06698729810778065,1.0
2019-06-01,0.8214285714285694,0.9369424913360871,0.8776405958003259,0.6993216858505777,0.5000000000000001,0.0,1.0
2019-07-01,0.8214285714285694,0.9369424913360871,0.8776405958003259,0.6993216858505777,0.2500000000000001,0.06698729810778059,1.0
2019-08-01,0.8214285714285694,0.9369424913360871,0.8776405958003259,0.6993216858505777,0.06698729810778081,0.24999999999999978,1.0
2019-09-01,0.8214285714285694,0.9369424913360871,0.8776405958003259,0.6993216858505777,0.0,0.4999999999999999,1.0
2019-10-01,0.8214285714285694,0.9369424913360871,0.8776405958003259,0.6993216858505777,0.0669872981077807,0.75,1.0
2019-11-01,0.8214285714285694,0.9369424913360871,0.8776405958003259,0.6993216858505777,0.24999999999999978,0.9330127018922192,1.0
2019-12-01,0.8214285714285694,0.9369424913360871,0.8776405958003259,0.6993216858505777,0.4999999999999999,1.0,1.0
2020-01-01,0.8571428571428612,0.8282690333165922,0.8653074521605599,0.6221581589420331,0.75,0.9330127018922194,1.0
2020-02-01,0.8571428571428612,0.8282690333165922,0.8653074521605599,0.6221581589420331,0.9330127018922193,0.75,1.0
2020-03-01,0.8571428571428612,0.8282690333165922,0.8653074521605599,0.6221581589420331,1.0,0.5,1.0
2020-04-01,0.8571428571428612,0.8282690333165922,0.8653074521605599,0.6221581589420331,0.9330127018922194,0.2500000000000001,1.0
2020-05-01,0.8571428571428612,0.8282690333165922,0.8653074521605599,0.6221581589420331,0.75,0.06698729810778065,1.0
2020-06-01,0.8571428571428612,0.8282690333165922,0.8653074521605599,0.6221581589420331,0.5000000000000001,0.0,1.0
2020-07-01,0.8571428571428612,0.8282690333165922,0.8653074521605599,0.6221581589420331,0.2500000000000001,0.06698729810778059,1.0
2020-08-01,0.8571428571428612,0.8282690333165922,0.8653074521605599,0.6221581589420331,0.06698729810778081,0.24999999999999978,1.0
2020-09-01,0.8571428571428612,0.8282690333165922,0.8653074521605599,0.6221581589420331,0.0,0.4999999999999999,1.0
2020-10-01,0.8571428571428612,0.8282690333165922,0.8653074521605599,0.6221581589420331,0.0669872981077807,0.75,1.0
2020-11-01,0.8571428571428612,0.8282690333165922,0.8653074521605599,0.6221581589420331,0.24999999999999978,0.9330127018922192,1.0
2020-12-01,0.8571428571428612,0.8282690333165922,0.8653074521605599,0.6221581589420331,0.4999999999999999,1.0,1.0
2021-01-01,0.892857142857153,0.8282690333165922,0.8653074521605599,0.6520974294678612,0.75,0.9330127018922194,1.0
2021-02-01,0.892857142857153,0.8282690333165922,0.8653074521605599,0.6520974294678612,0.9330127018922193,0.75,1.0
2021-03-01,0.892857142857153,0.8282690333165922,0.8653074521605599,0.6520974294678612,1.0,0.5,1.0
2021-04-01,0.892857142857153,0.8282690333165922,0.8653074521605599,0.6520974294678612,0.9330127018922194,0.2500000000000001,1.0
2021-05-01,0.892857142857153,0.8282690333165922,0.8653074521605599,0.6520974294678612,0.75,0.06698729810778065,1.0
2021-06-01,0.892857142857153,0.8282690333165922,0.8653074521605599,0.6520974294678612,0.5000000000000001,0.0,1.0
2021-07-01,0.892857142857153,0.8282690333165922,0.8653074521605599,0.6520974294678612,0.2500000000000001,0.06698729810778059,1.0
2021-08-01,0.892857142857153,0.8282690333165922,0.8653074521605599,0.6520974294678612,0.06698729810778081,0.24999999999999978,1.0
2021-09-01,0.892857142857153,0.8282690333165922,0.8653074521605599,0.6520974294678612,0.0,0.4999999999999999,1.0
2021-10-01,0.892857142857153,0.8282690333165922,0.8653074521605599,0.6520974294678612,0.0669872981077807,0.75,1.0
2021-11-01,0.892857142857153,0.8282690333165922,0.8653074521605599,0.6520974294678612,0.24999999999999978,0.9330127018922192,1.0
2021-12-01,0.892857142857153,0.8282690333165922,0.8653074521605599,0.6520974294678612,0.4999999999999999,1.0,1.0
2022-02-01,0.9285714285714306,0.9225268156911639,1.0,0.5298191867736353,0.9330127018922193,0.75,1.0
2022-03-01,0.9285714285714306,0.9225268156911639,1.0,0.5298191867736353,1.0,0.5,1.0
2022-04-01,0.9285714285714306,0.9225268156911639,1.0,0.5298191867736353,0.9330127018922194,0.2500000000000001,1.0
2022-05-01,0.9285714285714306,0.9225268156911639,1.0,0.5298191867736353,0.75,0.06698729810778065,1.0
2022-06-01,0.9285714285714306,0.9225268156911639,1.0,0.5298191867736353,0.5000000000000001,0.0,1.0
2022-07-01,0.9285714285714306,0.9225268156911639,1.0,0.5298191867736353,0.2500000000000001,0.06698729810778059,1.0
2022-08-01,0.9285714285714306,0.9225268156911639,1.0,0.5298191867736353,0.06698729810778081,0.24999999999999978,1.0
2022-09-01,0.9285714285714306,0.9225268156911639,1.0,0.5298191867736353,0.0,0.4999999999999999,1.0
2022-11-01,0.9285714285714306,0.9225268156911639,1.0,0.5298191867736353,0.24999999999999978,0.9330127018922192,1.0
2023-01-01,0.9642857142857224,0.8833548082704945,0.9258691814157232,0.6362567172060694,0.75,0.9330127018922194,1.0
2023-02-01,0.9642857142857224,0.8833548082704945,0.9258691814157232,0.6362567172060694,0.9330127018922193,0.75,1.0
2023-03-01,0.9642857142857224,0.8833548082704945,0.9258691814157232,0.6362567172060694,1.0,0.5,1.0
2023-04-01,0.9642857142857224,0.8833548082704945,0.9258691814157232,0.6362567172060694,0.9330127018922194,0.2500000000000001,1.0
2023-05-01,0.9642857142857224,0.8833548082704945,0.9258691814157232,0.6362567172060694,0.75,0.06698729810778065,1.0
2023-06-01,0.9642857142857224,0.8833548082704945,0.9258691814157232,0.6362567172060694,0.5000000000000001,0.0,1.0
2023-07-01,0.9642857142857224,0.8833548082704945,0.9258691814157232,0.6362567172060694,0.2500000000000001,0.06698729810778059,1.0
2023-08-01,0.9642857142857224,0.8833548082704945,0.9258691814157232,0.6362567172060694,0.06698729810778081,0.24999999999999978,1.0
2023-09-01,0.9642857142857224,0.8833548082704945,0.9258691814157232,0.6362567172060694,0.0,0.4999999999999999,1.0
2023-10-01,0.9642857142857224,0.8833548082704945,0.9258691814157232,0.6362567172060694,0.0669872981077807,0.75,1.0
2023-11-01,0.9642857142857224,0.8833548082704945,0.9258691814157232,0.6362567172060694,0.24999999999999978,0.9330127018922192,1.0
2023-12-01,0.9642857142857224,0.8833548082704945,0.9258691814157232,0.6362567172060694,0.4999999999999999,1.0,1.0
2024-01-01,1.0,0.8164948014334081,0.8553294507817952,0.5121375938270707,0.75,0.9330127018922194,1.0
2024-02-01,1.0,0.8164948014334081,0.8553294507817952,0.5121375938270707,0.9330127018922193,0.75,1.0
2024-03-01,1.0,0.8164948014334081,0.8553294507817952,0.5121375938270707,1.0,0.5,1.0
2024-04-01,1.0,0.8164948014334081,0.8553294507817952,0.5121375938270707,0.9330127018922194,0.2500000000000001,1.0
2024-05-01,1.0,0.8164948014334081,0.8553294507817952,0.5121375938270707,0.75,0.06698729810778065,1.0
2024-06-01,1.0,0.8164948014334081,0.8553294507817952,0.5121375938270707,0.5000000000000001,0.0,1.0
2024-07-01,1.0,0.8164948014334081,0.8553294507817952,0.5121375938270707,0.2500000000000001,0.06698729810778059,1.0
2024-08-01,1.0,0.8164948014334081,0.8553294507817952,0.5121375938270707,0.06698729810778081,0.24999999999999978,1.0
2024-09-01,1.0,0.8164948014334081,0.8553294507817952,0.5121375938270707,0.0,0.4999999999999999,1.0
2024-10-01,1.0,0.8164948014334081,0.8553294507817952,0.5121375938270707,0.0669872981077807,0.75,1.0
2024-11-01,1.0,0.8164948014334081,0.8553294507817952,0.5121375938270707,0.24999999999999978,0.9330127018922192,1.0
2024-12-01,1.0,0.8164948014334081,0.8553294507817952,0.5121375938270707,0.4999999999999999,1.0,1.0
